Observed,PhysicsForward,RandomForest
0.194750333333333,0.170310097984853,0.190326551512618
0.186150333333333,0.177136368045424,0.30399612067301
0.1704005,0.100276049259884,0.200374451338203
0.157450333333333,0.0954154248663891,0.116925001075296
0.0453005,0.0484024100176828,0.101961615519443
0.0447005,0.0291190930692211,0.0575447968384492
0.0624503333333333,0.0625922889595006,0.0689063901625577
0.149300333333333,0.135282723508502,0.160639800705285
0.0581003333333333,0.0536190460578222,0.0890669278820528
0.0464005,0.0729041787273473,0.0947377469046856
0.0274005,0.0602546430770359,0.075485430938699
0.0355005,0.0215422475229158,0.0545692912296414
0.0613503333333333,0.0669271769983438,0.0821435001873996
0.150000333333333,0.183770670471543,0.163955470776035
0.0779503333333333,0.118137834553161,0.180096872492962
0.1715005,0.159400001218103,0.228833931666563
0.178350333333333,0.607675081832498,0.649441120712354
0.0363503333333333,0.0546870696225989,0.0838480478642293
0.169050333333333,0.22135900671116,0.242272668382661
0.0772003333333333,0.137824403264483,0.115045048854111
0.176700333333333,0.153889413826882,0.180302254542426
0.0991005,0.103913901920296,0.116142050799422
0.142600333333333,0.11800487275651,0.156709229653879
0.139000333333333,0.211559329439265,0.199444117910963
0.0266003333333333,0.0455535194981747,0.0805435873166757
0.215500333333333,0.211431151188477,0.158298441209313
0.0460503333333333,0.11533760797749,0.142187423321366
0.335000333333333,0.471485701747686,0.20635254397242
0.2090005,0.210289768585527,0.190008886882767
0.189700333333333,0.201532692596185,0.224604973314055
0.0305503333333333,0.0233955909852239,0.0563842128727607
0.144000333333333,0.165568410268255,0.161566904213112
0.1085005,0.0554017407137251,0.0726142162352927
0.216000333333333,0.179579090926232,0.199355595446965
0.164750333333333,0.210237906871011,0.188294632097303
0.190450333333333,0.156601895934406,0.217696450652342
0.156950333333333,0.130591868777633,0.153077121801601
0.1363005,0.117765694183253,0.116725742642965
0.146150333333333,0.118678148661262,0.165556939996653
0.201100333333333,0.205344795172221,0.162624222358555
0.0603003333333333,0.117680088941223,0.11168959218393
0.150550333333333,0.119415238903183,0.196929984014843
0.173550333333333,0.282719296664817,0.220080458888914
0.1938005,0.237118179086265,0.211501713962782
0.0456003333333333,0.0530809332878397,0.0751893414924306
0.1424005,0.0917300654450213,0.112859446344007
0.0627503333333333,0.0608021166442234,0.0609127939084626
0.1512005,0.141187604298383,0.184029391608087
0.163950333333333,0.16923187001309,0.196020584796313
0.0356503333333333,0.0291288257966649,0.0657686972993105
0.115600333333333,0.12807590682763,0.0990735939972058
0.340000333333333,0.453708009638479,0.323610754250743
0.211650333333333,0.207858432619837,0.23106419833511
0.1104005,0.0792619385244969,0.0903301180468499
0.212050333333333,0.249827298520119,0.280675360623654
0.0420003333333333,0.0471196304329013,0.0626420900139845
0.217250333333333,0.188511327080438,0.179850858745606
0.334000333333333,0.16640921525535,0.202432485558456
0.161350333333333,0.157551268733554,0.125959279761971
0.103800333333333,0.0739920507455284,0.0712965047566224
0.0323005,0.0841111674793817,0.0797867128783332
0.0671003333333334,0.0778744993568853,0.0914129602882258
0.172700333333333,0.200970721616631,0.176513948248354
0.0724005,0.0898701680105188,0.111910269753635
0.229000333333333,0.261089539642978,0.197539798021604
0.160150333333333,0.17031560201373,0.188256139563147
0.137550333333333,0.124034112265545,0.150929611585178
0.0910503333333333,0.0543542398776902,0.0597487347886622
0.174700333333333,0.177027558604789,0.23138225690286
0.175900333333333,0.237503280231802,0.194242841668763
0.155000333333333,0.149457167861997,0.216852787195825
0.119600333333333,0.0931373670930837,0.144124379948798
0.248550333333333,0.175356138570555,0.195298391190586
0.162850333333333,0.23019488674355,0.231123908036124
0.157000333333333,0.33350714331312,0.21284599425992
0.0812005,0.0303917323672856,0.0603578777804571
0.0635003333333333,0.05887431124924,0.09763058732349
0.167450333333333,0.215490374410207,0.22668657333009
0.186650333333333,0.203892182243801,0.162658692074398
0.206700333333333,0.298359700328553,0.231610874719209
0.1744005,0.206485409059422,0.18567084437619
0.146550333333333,0.183833876696098,0.170513934277527
0.2295005,0.117879302726887,0.18605920590612
0.100050333333333,0.0729042769781939,0.108728451929339
0.113400666666667,0.0642977646094318,0.110632578178946
0.164250333333333,0.225318274629325,0.215677559649345
0.0783005,0.074694898537372,0.0977552113682546
0.116200333333333,0.0819117644537983,0.142691500580812
0.0592003333333333,0.0763230784736815,0.0641954226592786
0.3830005,0.260888407611176,0.25234311892255
0.109750333333333,0.142725013986592,0.148398539126505
0.114000333333333,0.0960041136820301,0.133397999771988
0.0989503333333333,0.095337101586857,0.130337445006404
1.92350033333333,0.529677273847454,0.438949178961106
0.162400333333333,0.228645087998071,0.180171314664496
0.2440005,0.204935981900684,0.186213017408526
0.165650333333333,0.224478116075308,0.236288814935527
0.298000333333333,0.190563514142821,0.190820283442158
0.0615005,0.0322895330442823,0.0741813706603882
0.121000333333333,0.086765405562182,0.110132582619089
0.0379503333333333,0.0416557620517178,0.0741765852848058
0.248500333333333,0.243823394174825,0.21758122704132
0.108000333333333,0.114775077262285,0.143443816783258
0.0572003333333333,0.038366632341861,0.0784185304748437
0.154950333333333,0.200605945268725,0.240498540595302
0.134100333333333,0.222645182814627,0.207384520962787
0.259500333333333,0.141489217803696,0.199436218635506
0.0591005,0.120992969957033,0.105572517679009
0.168900333333333,0.24035620280499,0.226602852646449
0.467500333333333,0.305005566290553,0.19022437203988
0.350050333333333,0.289860839703657,0.215855806419874
0.286500333333333,0.322894840960446,0.287548221198767
0.135850333333333,0.188815304938905,0.188476441265529
0.0352005,0.0456932309677232,0.07181363632919
0.184050333333333,0.296869101915775,0.191576524412302
0.152450333333333,0.159055604417226,0.139429231184806
0.7090005,0.25872156540029,0.341614381822069
0.201650333333333,0.24838048641505,0.18591521396264
0.0515503333333333,0.0266790137591211,0.0714514003881159
0.145100333333333,0.179167311506771,0.168973446802957
0.2550005,0.304632139773584,0.200312072940195
0.184700333333333,0.215400883585691,0.223282836585093
0.325000333333333,0.38139553225158,0.289251893602116
0.162500333333333,0.158639550711097,0.183174671863716
0.0292003333333333,0.0304881118091876,0.0541326409012298
0.325000666666667,0.106906835825391,0.17393066719512
0.1722005,0.226575188813262,0.220067247826501
0.275900333333333,0.351884566705915,0.248535912859247
0.0883003333333333,0.139606860684894,0.138130259916336
0.0874005,0.13194244452952,0.136326683060963
0.131050333333333,0.177578339907189,0.159256026103272
0.322550333333333,0.332135859162617,0.281690611100079
0.292250333333333,0.267610007697977,0.244013702657865
0.194750333333333,0.240423900040091,0.208225593485337
0.0647003333333333,0.110222309757455,0.103223727197764
0.161900333333333,0.193030720317068,0.185988103510824
0.196950333333333,0.300830943957962,0.262825296987461
0.1878005,0.184442094071368,0.164740368616504
0.140400333333333,0.198915738339191,0.168903704354248
0.0700005,0.0713854169997629,0.0843798554529613
0.230000333333333,0.314509726887207,0.239548034365724
0.180850333333333,0.337613178499178,0.298218639454217
0.242000333333333,0.249121102512963,0.248095184000188
0.157700333333333,0.215540124854818,0.210255530294698
0.158250333333333,0.106439844962865,0.154318828278913
0.170950333333333,0.20969272433097,0.189418477408772
0.204150333333333,0.29679851541846,0.20256083555425
2.49000033333333,0.572741163082598,0.289426012448762
0.120850333333333,0.123043295382109,0.162615509029512
0.184650333333333,0.158260717761698,0.175255624202755
0.172700333333333,0.250541555199734,0.249306490313145
0.172900333333333,0.183442672173504,0.168560288913949
0.166800333333333,0.20943540157477,0.234049437593282
2.2100005,0.394124994989513,0.195537386131992
2.33780033333333,1.06237055325076,0.493451319420999
0.1204005,0.120990945779254,0.12971918048802
0.209850333333333,0.205037371889539,0.224013358113142
2.93650033333333,0.629684498684671,0.539057906124743
0.0699003333333333,0.0474036847761869,0.0853258944376284
0.193350333333333,0.274047879369551,0.208588368031295
0.166450333333333,0.189446846524195,0.163993973760402
2.40010033333333,2.84890067144516,0.634064105145325
0.137300333333333,0.122140006603537,0.149287633089207
0.156750333333333,0.222353796171071,0.1876672639293
0.131900333333333,0.177113788568138,0.17116507242955
0.190200333333333,0.172710733323164,0.203784151277731
0.152150333333333,0.148643445918621,0.172170163056979
2.57330033333333,1.18685331549561,0.769665116248312
0.148300333333333,0.190954000936086,0.299256517119157
0.162450333333333,0.198677834129523,0.182025244333809
0.145600333333333,0.241540674403414,0.20568633977655
0.165650333333333,0.26087090355696,0.207371855317607
0.152950333333333,0.220894452949475,0.174040706069467
0.165650333333333,0.271408560351161,0.186886031378363
0.143900333333333,0.169487121024425,0.171410655047889
0.122550333333333,0.106970253100837,0.144699519291919
2.64550033333333,2.5475078849596,1.11863138951553
0.183400333333333,0.230689300732023,0.210062295387722
0.173650333333333,0.195150304243776,0.193673995720977
0.154700333333333,0.16335434419152,0.167179740328546
0.202450333333333,0.207553429012985,0.187124722394053
0.244000333333333,0.180127753987477,0.243925004990416
0.158750333333333,0.180606229893668,0.166302789389342
0.225250333333333,0.223611809738178,0.242931709341017
0.224500333333333,0.224885046061317,0.178518107156429
0.205200333333333,0.195991821419387,0.19116906286358
0.244500333333333,0.287530999764093,0.229809481488688
0.164250333333333,0.265802087092703,0.169077111964872
0.123850333333333,0.112467948792399,0.167071916361148
2.34000033333333,1.52489492732508,0.632942212557309
0.173550333333333,0.232083284129235,0.207595029292096
0.144400333333333,0.2068801583115,0.197735525740184
0.1834005,0.425948756933098,0.41644001368414
0.148800333333333,0.205700885227788,0.177454106513961
0.177100333333333,0.228552324705533,0.26190752244255
0.156400333333333,0.184675003081944,0.183834978217897
0.190900333333333,0.169650569926644,0.203782343326674
0.116100333333333,0.143526004812837,0.184795192907053
0.1814005,0.24417388858659,0.191120418157684
2.31000033333333,0.610059798434394,0.458166375016612
0.172900333333333,0.191537864837461,0.186897745710489
0.9910005,0.55529713076726,0.572234424783127
0.129800333333333,0.132379525544953,0.150015256142064
0.254000333333333,0.287887730112845,0.214893629622707
0.202850333333333,0.223168561011092,0.224070254105508
0.180300333333333,0.226051393044776,0.173685697916735
0.184050333333333,0.183954588501815,0.184804836084921
2.37500033333333,1.26202058230852,0.849433370194231
0.165050333333333,0.204568526665738,0.164000346817112
2.21000033333333,0.400325448298968,0.333358188262132
0.170450333333333,0.215939042934515,0.182819064523723
0.170300333333333,0.24114840320146,0.169353684949721
0.164500333333333,0.177598682352802,0.175086079443432
2.34500033333333,1.15407976416495,0.690650468920601
0.218600333333333,0.287277971498873,0.212701215466088
0.216750333333333,0.263087555621512,0.214387931560884
0.180450333333333,0.151299944988894,0.194387258772957
0.232550333333333,0.16096086049021,0.195555068719445
0.267850333333333,0.160796728262857,0.188009949281526
0.126550333333333,0.240290382276563,0.166608844024175
0.140800333333333,0.218260540409248,0.169770034145386
0.176850333333333,0.16825272514496,0.183225953966257
0.153100333333333,0.138992995605085,0.22413744184656
0.1458005,0.113947574665912,0.160942093275898
0.154850333333333,0.177042050897549,0.190265255178426
2.30500033333333,0.758394183401431,0.379574885058574
0.4580005,0.269156285715997,0.190641660122275
2.25500033333333,0.657229475973452,0.438541058275962
0.175950333333333,0.233546515710225,0.224126385626045
0.153650333333333,0.199192721896671,0.173132577447837
0.2009005,0.212428771429495,0.175662581462915
0.187150333333333,0.201663271147083,0.233184839176876
1.90030033333333,0.576836495672873,0.296946578087422
2.34990033333333,1.01365598499589,0.649560896914143
0.161800333333333,0.188744169458481,0.20572183528167
0.161300333333333,0.203258021491075,0.172464109928644
0.184400333333333,0.261757564897767,0.213949520525912
0.194550333333333,0.200598688367469,0.196880200530377
0.181350333333333,0.179436066700136,0.186753535279524
0.306000333333333,0.26768411474273,0.227912815467382
0.125800333333333,0.10607959778787,0.171564542313332
0.141650333333333,0.196518016012302,0.180893836395893
0.1294005,0.106187143164566,0.0578766795135133
0.164500333333333,0.223614268209741,0.213940758696966
0.1655005,0.288818409697003,0.221406174464788
0.1137005,0.194771759130792,0.189316428961701
0.166850333333333,0.209473629681414,0.218942535794946
0.2070005,0.216920739768035,0.214080489803337
0.1430005,0.172274311530319,0.205253020625404
0.8020005,0.300259434526552,0.45124225889408
0.135150333333333,0.163444755470141,0.131836565352598
0.4400005,0.308202179885379,0.209701191015166
0.139350333333333,0.226623826823014,0.170839083827846
0.223500333333333,0.252358212916913,0.234476515494368
0.169700333333333,0.192152529694735,0.188436583989385
1.02875033333333,0.286952522571718,0.310170146195127
0.189500333333333,0.133380623214432,0.188262578547966
0.176300333333333,0.159974630037075,0.190703749187703
4.67770033333333,0.475990304783311,0.356787375757087
2.36000033333333,0.581008506505808,0.30839417106509
0.161700333333333,0.168820885016926,0.182814533232281
0.164750333333333,0.241799387387863,0.238527637717321
0.128200333333333,0.116291475975511,0.14491667906887
0.161550333333333,0.185559104180074,0.196541866284992
0.192700333333333,0.228232117103593,0.173543909011248
0.127100333333333,0.170648919011261,0.179751489433097
0.146450333333333,0.20435896809416,0.229357708187999
0.167950333333333,0.176588791771271,0.183887254800623
0.2026005,0.281480911930965,0.193978913836434
0.168400333333333,0.200843714340732,0.214127426745234
0.116100333333333,0.133489777614783,0.161574719806357
0.1878005,0.219844813406891,0.194224792036665
0.169400333333333,0.242565149104763,0.255539258750994
0.164600333333333,0.173456486511954,0.164236110234332
0.179050333333333,0.197042750085138,0.189014391866966
0.175650333333333,0.19924187886322,0.200537052559764
0.0586005,0.306184905814867,0.111741253642597
0.156200333333333,0.195723637437936,0.171500537032007
0.1374005,0.15135344446368,0.1605188102745
0.140800333333333,0.240602375501274,0.19979973109578
0.164600333333333,0.159689212508187,0.167175034391328
0.205700333333333,0.195181219130015,0.167597979774063
0.149350333333333,0.174194965412652,0.176112283518683
0.442850333333333,0.218222078199085,0.208731105525641
0.580500333333333,0.358714706163689,0.233846130120171
0.160200333333333,0.16881555201143,0.174736602553246
0.185650333333333,0.190665975203068,0.171188091601591
0.155750333333333,0.149613546825097,0.174865510160083
0.150450333333333,0.17838964846397,0.274062581959629
0.4135005,0.820877254084107,0.317815543979388
0.139300333333333,0.166082890368044,0.184549196695854
0.138000333333333,0.25733537616401,0.147598352972342
0.156300333333333,0.159766402438243,0.181695981803389
0.303400333333333,0.218368711622648,0.239620614472027
0.290500333333333,0.20125749944942,0.190036475962676
0.140250333333333,0.225464121727293,0.156870989464198
0.159150333333333,0.0879937772912171,0.145542417628843
0.177700333333333,0.151534548809767,0.165080128291524
0.224150333333333,0.264797999945505,0.194658388156167
2.6100005,0.596775006299534,0.357438209040831
0.176200333333333,0.211181661121042,0.217526976475174
0.209500333333333,0.188013610909996,0.21752758441198
0.157600333333333,0.221006281674998,0.215497573546206
1.24450033333333,0.442100915683039,0.311004680205542
0.150350333333333,0.149255599097883,0.211045030533982
0.154850333333333,0.131852465739216,0.181102929711835
0.166700333333333,0.181838668894781,0.177336304255922
0.139000333333333,0.138852736185492,0.161757281707737
0.101950333333333,0.0813018354977664,0.144601274878005
0.166850333333333,0.189170115223608,0.185763390395492
0.143650333333333,0.195490117052544,0.164635630233965
0.177700333333333,0.156443472213395,0.191872105991865
0.0973005,0.24382439692908,0.315609675136786
0.2030005,0.253672154139249,0.240596443926458
0.185300333333333,0.199276124555678,0.196964170864657
1.02100033333333,0.367175241394298,0.416136185872515
0.1779005,0.214143633577731,0.181569378273123
0.295150333333333,0.254484568761335,0.212480496582681
0.144600333333333,0.17443846289688,0.20403126405889
0.292900333333333,0.236232104257069,0.29626533869935
0.165850333333333,0.163446569909608,0.181612489494034
0.226350333333333,0.25515602916326,0.255964884764845
0.1761005,0.156065714756458,0.170795010888421
0.160100333333333,0.182995239364289,0.170799087194505
0.409500333333333,0.315672568735048,0.292978549001666
0.3530005,0.195387067910577,0.215646666521601
0.260500333333333,0.239730512891382,0.30888497927388
0.130600333333333,0.229587482755251,0.186336174279835
0.2420005,0.2918351960908,0.282234872912335
1.05000033333333,0.554136181058131,0.313809122521565
0.178200333333333,0.18995708320871,0.189054394180203
0.180000333333333,0.173191160607257,0.202108317337871
0.247300333333333,0.303954891610981,0.261346203311726
0.166950333333333,0.198149537249767,0.211537275225973
0.161350333333333,0.288832335720066,0.239750530885851
2.9100005,0.629716415100833,0.418561837159393
0.168450333333333,0.153882672890912,0.200396693944426
0.192100333333333,0.200007639480032,0.171089325865937
0.4100005,0.190086697640205,0.186976702018111
0.185900333333333,0.137764031417007,0.15652163723344
1.10050033333333,0.473545565878463,0.352211911669541
0.0966503333333333,0.160895911624545,0.182945501633122
0.195350333333333,0.334447682407931,0.202747631805921
0.304000333333333,0.342277772604671,0.258875320404379
0.209500333333333,0.331078478638578,0.260934370041229
0.1634005,0.225436130901884,0.198911414824115
0.163050333333333,0.149131559133009,0.181603202556536
0.526000333333333,0.271686907128221,0.220083396671243
0.487750333333333,0.443075004774351,0.331086924311755
0.950900333333333,0.322380745701532,0.276478047086004
0.276500333333333,0.285777546573752,0.2368149800638
0.157050333333333,0.243037355587111,0.229031507185275
0.412000333333333,0.475343372824105,0.347071276650053
0.352550333333333,0.222719162729245,0.233088492066209
0.152100333333333,0.174066603914271,0.243473557746899
0.282200333333333,0.211589300002259,0.230660645652201
0.3000005,0.0868423266776389,0.11918871804892
0.462800333333333,0.639774946138167,0.42630239813178
0.214850333333333,0.336180108244458,0.283576232865945
0.6920005,0.244332056456629,0.20357533016584
0.207550333333333,0.18292354598851,0.179646527984232
0.222650333333333,0.285581850459402,0.3271078895985
0.6420005,0.421094088617279,0.404386671114745
1.68900033333333,0.436585680535071,0.33302685252795
2.44000033333333,0.566819975522695,0.632849037879412
0.100200333333333,0.09896823304459,0.135755910164359
2.35000033333333,0.611334105120555,0.465940335033081
0.200150333333333,0.224300739755272,0.18181743939059
0.0972005,0.124393530072079,0.14311837822789
0.5740005,0.237800519667017,0.198713040343379
0.1905005,0.105727319386267,0.231948058843916
1.82535033333333,0.463927434024725,0.2573964692078
0.3050005,0.40070080769608,0.282959885629035
0.140850333333333,0.196869483032853,0.217306932384474
0.173500333333333,0.198387220792047,0.208025630098136
0.623000333333333,0.254424098642659,0.256455630709521
0.175600333333333,0.1311409892732,0.0872032640825759
0.4530005,0.19477104493706,0.144182490183804
0.174000333333333,0.180737891286995,0.19643020424842
0.214800333333333,0.162597533577871,0.208746091107069
0.361000333333333,0.293831783311885,0.254622775528875
0.149000333333333,0.166662692567984,0.227969206365446
0.1683005,0.197126145688857,0.244004992724797
0.203200333333333,0.210118104929295,0.128404721402054
2.34000033333333,0.655951724836156,0.56222031496634
0.169850333333333,0.164518992277101,0.125904582584509
1.1320005,0.560271259541404,0.538640627193269
0.241400333333333,0.329956383171521,0.2608306883319
0.198150333333333,0.332987071991792,0.281490507841408
0.185650333333333,0.154990419713145,0.195224720583715
0.1749005,0.201632615072678,0.205212584983728
0.172650333333333,0.127178794364319,0.17067123037409
0.7130005,0.323365227331181,0.246642212646469
2.31000033333333,1.39707886920949,0.278142129641511
3.62000033333333,0.750913042411529,0.609189551510574
0.448650333333333,0.409082984676465,0.441345808942498
1.13560033333333,0.582619071314337,0.408333817023833
0.185600333333333,0.22018036476514,0.215785348783285
0.8130005,0.304742773424369,0.376313416556476
0.5760005,0.179056377126445,0.274830016291236
0.204000333333333,0.216954182578445,0.211130959176494
0.296000333333333,0.271530917837178,0.250165181806179
0.3550005,0.286790768613041,0.247361387377627
0.220050333333333,0.448692460502639,0.55057322934736
0.135500333333333,0.0825032315197472,0.14194853466019
0.178800333333333,0.1738925255388,0.117514150508766
0.185850333333333,0.263028514129516,0.257849235225112
0.2040005,0.279926745836258,0.248134310816361
0.186100333333333,0.166018094779866,0.235249079900558
0.872050333333333,0.330455203925601,0.234889673740036
0.215700333333333,0.235318544767577,0.285659096709117
0.5020005,0.316395065130455,0.319784119402695
0.3570005,0.269971689486416,0.253731438270948
0.245000333333333,0.248934163933298,0.272976942368047
0.1476005,0.13041033981271,0.199234789730486
0.0594005,0.112739587329562,0.147022436794951
0.6420005,0.325590265312543,0.291249568419244
0.8510005,0.27551599563382,0.354580823629253
0.2200005,0.163045623404283,0.204107465378157
0.1686005,0.179758052524946,0.208961472847972
0.224500333333333,0.307951007516584,0.293992841075227
0.1479005,0.110978985061514,0.151569276247447
0.215000666666667,0.178600151097769,0.186728255119085
0.1775005,0.181753064512489,0.167770136424625
0.177400333333333,0.188537472713506,0.18719020825498
0.5450005,0.461570904620643,0.301601779501538
0.187600333333333,0.292505821045304,0.352444191671669
0.1568005,0.153920238589438,0.183358361701153
2.1700005,1.31100249056373,0.507764102879436
0.202000333333333,0.195921489369364,0.212800837172416
0.189100333333333,0.239989912321907,0.222858994517117
0.341850333333333,0.2924500992143,0.252989698761216
0.201600333333333,0.170578922749856,0.125788648611213
0.215900333333333,0.209908212238056,0.210004847713477
0.161150333333333,0.233915999529639,0.211018925340295
0.1167005,0.160716359650924,0.208518202878929
0.167900333333333,0.206446632981738,0.183851310563071
0.4610005,0.30455889932891,0.264659495579902
0.2420005,0.151463682462098,0.181307876526327
0.273600333333333,0.29890843317869,0.295400739423839
0.1888005,0.148249195344761,0.209607914930678
0.0877503333333333,0.105609556446267,0.113952658247461
0.0674503333333333,0.115465536734656,0.10961541275191
0.258500333333333,0.283314336317179,0.236811700641294
0.152900333333333,0.236553533534689,0.225425912566308
0.4460005,0.160908013424608,0.211799235587953
0.143800333333333,0.165112319712006,0.198733378709935
0.0700003333333333,0.105977952545269,0.100476133451698
0.234000333333333,0.433964095622472,0.2773773524446
0.244850333333333,0.286416026321107,0.273381757066201
0.0487005,0.0810910049183697,0.125437189510661
0.1223005,0.174116318813315,0.184889293892669
2.62415033333333,0.628140431004676,0.362313809149678
0.189050333333333,0.215681085306103,0.12983576922195
0.0626005,0.140016373015564,0.185766851041055
0.0895503333333333,0.123136752471281,0.116011129443381
0.0917005,0.102332315020442,0.129524738523019
0.2710005,0.211018271058016,0.196832518451937
0.2290005,0.184851311235649,0.224367623192924
0.3760005,0.289384843686477,0.323449758040047
0.0890503333333334,0.169449692630677,0.144300244068617
0.2930005,0.481508617598844,0.411791653676229
0.2480005,0.216573096425853,0.240311073106518
0.128050333333333,0.147813693108385,0.113065813966161
0.3120005,0.159509554043678,0.159426679962485
0.221750333333333,0.220651148023082,0.167610099989953
0.249950333333333,0.247069622057595,0.259183842363145
0.1760005,0.233549093910524,0.232222158915429
0.1143005,0.213981062940732,0.349098173789653
0.7150005,0.463795350358907,0.469398360370316
0.163150333333333,0.197834424453126,0.204338551239699
0.223500333333333,0.256662909200058,0.250654023637327
0.2690005,0.171931827952295,0.18632666541978
0.0605005,0.0455771976107297,0.0801296568722653
0.0747003333333333,0.0762367641819285,0.0711562738614772
0.3070005,0.0634744352238501,0.114567084619777
0.211550333333333,0.241721349386407,0.240510516832194
0.219900333333333,0.266881581080154,0.268152271330836
0.210100333333333,0.264839754320302,0.225067591242214
0.4350005,0.185195988187492,0.165387722361433
0.1527005,0.115055627894856,0.156556552909438
0.2070005,0.139996446163403,0.165895061354669
0.196650333333333,0.296300166820661,0.271482357461311
0.206650333333333,0.225708130225601,0.19446949097823
0.237800333333333,0.178556298355607,0.27015783781166
0.1076005,0.142371096416772,0.144158202631761
0.283400333333333,0.217275288666523,0.195443885493669
0.351450333333333,0.390808471258822,0.266874925225594
0.272800333333333,0.244279541869245,0.264450712838433
1.4200005,0.269489558593441,0.181232620759854
0.2220005,0.167157190571359,0.209498212391257
0.1451005,0.179913839682909,0.214672716929373
0.139500333333333,0.215313396079235,0.209484737469869
0.144050333333333,0.196675335036735,0.189490560262808
0.186850333333333,0.271807457989808,0.234242091145682
0.261550333333333,0.290362969784719,0.252978766858313
0.2000005,0.133159232664247,0.129501483192611
0.2660005,0.185385306244723,0.292663633420482
0.5130005,0.261468599946085,0.269643313270606
0.6240005,0.30795322363262,0.326827447524482
0.171400333333333,0.152821190408002,0.183014336912162
0.161900333333333,0.215929323618458,0.204337118603847
0.115500333333333,0.134078592247198,0.117389851129894
0.2016005,0.248983137936967,0.242802357741553
0.2070005,0.225840374241415,0.254939065157481
0.1196005,0.227045222472903,0.298085233423822
0.205600333333333,0.256166916450202,0.288590948025639
0.2705005,0.153888560724895,0.179617461115342
0.2900005,0.149491230119417,0.148797614851121
0.2980005,0.167327677762451,0.135796740714783
0.161250333333333,0.112476408432778,0.150740292854987
0.154300333333333,0.225745972544678,0.186498662977654
0.2060005,0.164836697142023,0.22024530880996
0.160450333333333,0.251520872532984,0.189342119911307
0.8340005,0.517621710225359,0.384284555263409
0.3590005,0.190591368636055,0.184018778921952
0.1440005,0.230042568804599,0.286496428718755
0.5440005,0.273885442401378,0.334015423108062
0.173200333333333,0.175637006967479,0.218315115033508
0.202900333333333,0.316869328966517,0.19099328335129
0.1809005,0.209527050297274,0.197118968002247
0.4890005,0.313488803539824,0.264562014203136
0.2430005,0.154210715250855,0.200910765999632
0.167600333333333,0.22005343859754,0.188494041215122
0.1503005,0.0956787091827322,0.15795934897872
0.5830005,0.305126673758026,0.274625525021028
0.9530005,0.344353977864862,0.303882458517336
0.172100333333333,0.232330000853892,0.25056776679334
0.0901005,0.104012202351094,0.175918861202868
0.273250333333333,0.281230809752808,0.297296394874531
0.1868005,0.145780721729128,0.168088762426603
0.1837005,0.170604068240117,0.258557681933982
0.5060005,0.270294366138741,0.233999758953313
0.4780005,0.353381909183476,0.22523866583322
0.5460005,0.264896983319248,0.170892816645265
0.227500333333333,0.351909009310602,0.289051874149351
0.0890003333333333,0.163476246435837,0.139653936618582
0.170700333333333,0.164568220843773,0.20726360774889
0.0878503333333333,0.193159088523841,0.129020482139124
0.4710005,0.177899237739127,0.176940096276264
0.367450333333333,0.236521217590996,0.233466935291704
0.249000666666667,0.184552278144586,0.260473776374726
0.1470005,0.10456487577965,0.125569005638708
0.257000333333333,0.238902969016713,0.253723788053902
0.3730005,0.356112959151988,0.277640548792561
0.0896005,0.112083831422729,0.106670126865918
0.0661003333333333,0.0789060300444805,0.108732644650516
0.193650333333333,0.308547829116965,0.280708605020487
0.133200333333333,0.217229844181244,0.176093363569823
0.2300005,0.707664820044825,0.657052119398041
0.2390005,0.27988464265772,0.240343324766678
0.186600333333333,0.238214566250527,0.199869997721769
0.159100333333333,0.149314787925633,0.208380094832381
0.3290005,0.303360184660864,0.224988155960523
0.1730005,0.772288880224452,0.292765049635323
0.3540005,0.154116500375273,0.195144741350365
0.176950333333333,0.236697817291934,0.277537715074162
0.0846003333333333,0.199547414082833,0.138808279154361
0.0814005,0.144565079041611,0.235073313400114
0.1026005,0.207557836430436,0.183251527323897
0.0766005,0.0847448503701519,0.119368505270279
0.173150333333333,0.142422435144451,0.164483503237725
0.155800333333333,0.131547180962054,0.175361011011291
0.107550333333333,0.0475739927015758,0.096035963857545
0.1180005,0.208035314317871,0.236438215043006
0.114300333333333,0.0915549182818966,0.145696286756468
0.2780005,0.211488034595223,0.220308983980806
0.1346005,0.31304370386559,0.243188276090709
0.151850333333333,0.146753374473012,0.116925152485144
0.0809503333333333,0.141530964789923,0.118405685040935
0.1811005,0.175110192432366,0.180497499394113
0.0998003333333333,0.117048356389889,0.119152623531472
0.0843003333333333,0.216311396113401,0.139603650369542
0.2950005,0.221028744536453,0.249357321001461
0.1247005,0.165100465086306,0.117898699186904
0.1400005,0.166660513333466,0.135033966039031
0.134800333333333,0.111875543773697,0.222918683226036
0.2270005,0.135803525994493,0.149108341495157
0.0461503333333333,0.0708287765501853,0.0848757334417639
0.0718005,0.118474991833827,0.131079833127029
0.0783003333333333,0.127454001810674,0.10838207562149
0.1567005,0.137842368320011,0.205465205956231
0.184750333333333,0.153176019614005,0.17809649520679
0.2060005,0.149707290858157,0.193399109621639
0.2490005,0.244133681159163,0.272236338998373
0.2190005,0.278474060089955,0.331674180523204
0.4910005,0.228156965089591,0.201654398724002
0.157300333333333,0.343192814364685,0.114736093906285
0.1042005,0.225917934075429,0.231634576993687
0.0653005,0.0970909668314384,0.140528846584832
0.1124005,0.145584055322154,0.160253675335503
0.1167005,0.166974254038607,0.146273144089594
0.163450333333333,0.197055055854254,0.221444412504527
0.3430005,0.283443730499995,0.356776481936627
0.1274005,0.116168986797757,0.152532790822815
0.0910003333333333,0.147767002352772,0.156671093316627
0.100100333333333,0.124594362102331,0.17836129025343
0.4990005,0.422106548283676,0.46821979496145
0.1497005,0.187999907329529,0.178526227281199
0.0684503333333333,0.168066114487786,0.134858919543062
0.181600333333333,0.168084651210835,0.216362401979189
0.178600333333333,0.235324606243067,0.233464836509152
0.1473005,0.232523912188989,0.199218375670551
0.2420005,0.142605520639766,0.13302573319895
0.1537005,0.329361162558317,0.518846348284117
0.3630005,0.215732123393845,0.327806925420321
0.1297005,0.147981054631727,0.15494701593846
0.1844005,0.29403857711921,0.198396965936102
0.160450333333333,0.136053567718626,0.160020191129024
0.2360005,0.207670154552591,0.173254811843544
0.2090005,0.0817446903351563,0.138992562352859
0.2900005,0.147510827715617,0.143393050720184
0.1458005,0.0948061523281036,0.100227022792253
0.4877005,0.22341177243248,0.141804313518414
0.169300333333333,0.142226389440995,0.213247854710247
0.0968005,0.16066493077397,0.202230893768889
0.149800333333333,0.189610904569375,0.33242162522044
0.0700003333333333,0.112359335762508,0.178639607119287
0.0681003333333333,0.102164259370204,0.114061630275371
0.221650333333333,0.282292963022834,0.237878088765637
0.106350333333333,0.207975298750551,0.141483553623784
0.1380005,0.146271294527973,0.130604280908447
0.239400333333333,0.262499285438654,0.229171620983248
0.138000333333333,0.152906967535808,0.169105326390214
0.171800333333333,0.198671498933085,0.18293375014613
0.4120005,0.24155313155267,0.256152856362877
0.291500333333333,0.26268866725961,0.283331098238658
0.172900333333333,0.309369529381864,0.221474176248953
0.226500333333333,0.316074876416669,0.330219739634061
0.208550333333333,0.194206359818898,0.211165580891992
0.2120005,0.254891399069363,0.236586699355576
0.176000333333333,0.155316399869927,0.186646681648586
0.241100333333333,0.318041418225981,0.245595568736121
0.0624503333333333,0.169350549241971,0.157378021082664
0.201900333333333,0.23222003534365,0.222783010993593
0.0744005,0.0857035278224959,0.106425914958277
0.1138005,0.162518485674532,0.210696564812563
0.2000005,0.367209914185091,0.249521021630681
0.240550333333333,0.286304814793252,0.246838530379306
0.3070005,0.163165532079612,0.172926641751213
0.125300333333333,0.153432359440058,0.135382012035986
0.1465005,0.164932363200804,0.153179059570361
0.1316005,0.153923034694351,0.139460091893115
0.203300333333333,0.187183759116889,0.241885599186292
0.158600333333333,0.194586045257429,0.248552877600954
0.137100333333333,0.134911750441719,0.163503925035777
0.204200333333333,0.170800720632842,0.176398992103175
0.158100333333333,0.182402264817882,0.214147991329913
0.1394005,0.138756777895257,0.127284272375293
0.1286005,0.122216943171591,0.158085856626289
0.0744003333333333,0.113052772743664,0.117511840493956
0.0914005,0.125110907918794,0.203708593382037
0.176950333333333,0.198073642338377,0.189911417564533
0.119100333333333,0.186493643837691,0.162366691881955
0.228450333333333,0.322936344466359,0.230902860756409
0.162350333333333,0.219081424564819,0.242281050851068
0.132550333333333,0.150815266099707,0.198600394180779
0.189600333333333,0.179088330642648,0.190404349104506
0.2080005,0.26958617298696,0.274097835553506
0.231650333333333,0.196264718595951,0.203106949502991
0.1355005,0.11802524925609,0.143242097912897
0.2080005,0.293659138099332,0.226950363054048
0.2230005,0.245893116416324,0.244119390776406
0.135050333333333,0.11458965282408,0.154723798819285
0.334750333333333,0.282827545755529,0.253427746340418
0.258600333333333,0.388494498523211,0.278179650263071
0.2270005,0.356170400926641,0.306529974981375
0.3040005,0.316065708737137,0.25956143436503
0.2920005,0.216061225547032,0.240067303576113
0.2700005,0.285655559944538,0.263700305609037
0.2700005,0.278160688783976,0.212426513495427
0.3180005,0.259053756439919,0.216440968837734
0.1268005,0.169815517032029,0.297987095117782
0.223200333333333,0.159637211174735,0.226843848682927
0.1689005,0.270334924102369,0.253123284545763
0.2660005,0.319253748298856,0.330909536113785
0.5130005,0.230744296280885,0.176994624350796
0.185750333333333,0.24253040927898,0.236255217194529
0.308250333333333,0.306643610570397,0.248012284671138
0.2990005,0.240709334157747,0.247134901715247
0.130200333333333,0.179371334404119,0.204724350723534
0.329150333333333,0.340069644105479,0.244440283684958
0.281200333333333,0.261254148137793,0.23785626673316
0.4700005,0.485263640455424,0.356093944289135
0.2990005,0.323857862409464,0.274803276708782
0.142750333333333,0.130603189221865,0.185174497674899
0.2540005,0.262923206333336,0.352925673425772
0.2720005,0.353210579089811,0.272997214245626
0.193000333333333,0.288214293274841,0.239540388952293
0.252750333333333,0.204695974612488,0.231351774742858
0.225450333333333,0.177883184984615,0.222132348631462
0.165200333333333,0.350626222939536,0.379359111090227
0.186050333333333,0.165799387934321,0.143296044078567
0.182800333333333,0.147716587309196,0.198015756581213
0.4690005,0.207369609084283,0.224173841898964
0.181350333333333,0.175385498818624,0.246062025842624
0.1504005,0.242706769834041,0.212499754307525
0.249650333333333,0.265373839941315,0.28449148956101
0.1892005,0.273267639846981,0.226968796033981
0.3490005,0.231437181937764,0.34551324413125
0.106100333333333,0.210758253265669,0.161056012837201
0.0838003333333333,0.135905725854225,0.156725355292733
0.283000333333333,0.208537571468304,0.269142121679471
0.2190005,0.276705186902184,0.257137045687834
0.218200333333333,0.307487832438027,0.230768202552535
0.2370005,0.262772865630871,0.247067817927609
0.153100333333333,0.133785533291007,0.115118198423883
0.2597005,0.45006777708272,0.243001833129486
0.2020005,0.231975011702715,0.237621080161548
0.181850333333333,0.237255132766242,0.241142593341215
0.9810005,0.294984520385814,0.214709099695425
0.234400333333333,0.142745195329291,0.0976264815661183
0.177950333333333,0.172854453257774,0.135132526411649
0.109200333333333,0.14410139954194,0.230674922626329
0.299350333333333,0.267157768643766,0.278862608184638
0.235450333333333,0.264361315769489,0.229656665782934
0.204100333333333,0.236346779205969,0.270466195180709
0.0837003333333333,0.108853941742751,0.11739906925325
0.1128005,0.134319044420778,0.181926419707637
0.0919003333333333,0.111378834207935,0.136605074095618
0.1593005,0.228677028611072,0.205961442867897
0.1922005,0.123027844600566,0.159982341122648
0.1576005,0.190910149237044,0.195730950013492
0.0683003333333333,0.0943130453345418,0.0935638458428014
0.135650333333333,0.199365632345989,0.216522167144277
0.2290005,0.273458350417692,0.256097982915884
0.150350333333333,0.136925022050842,0.102989972668496
0.2720005,0.209683969988381,0.225590407935988
0.0742503333333334,0.123292440203299,0.124636084904614
0.1854005,0.201309518149494,0.218009427145171
0.296400333333333,0.115180708383866,0.12098932629729
0.2000005,0.185493900883045,0.230546582007883
0.0553003333333333,0.0798281605115174,0.0949221641564904
0.268350333333333,0.110870568038975,0.151843528059248
0.1544005,0.200255548573559,0.233009959160723
0.207700333333333,0.217529881546569,0.209920562380149
0.2900005,0.339999315869533,0.241751400707924
0.240900333333333,0.169146418017419,0.123040069145632
0.0931003333333333,0.135189670037317,0.151654937097351
0.248800333333333,0.579714953352904,0.313264258455992
0.198500333333333,0.224312336638538,0.252529391515209
0.0943503333333333,0.215587687133347,0.189541615924931
0.1598005,0.159937073542655,0.194554100163072
0.4410005,0.378477534511897,0.344161718165104
0.228200333333333,0.369908546057379,0.335043623664404
0.345450333333333,0.495212227702973,0.364715410359698
0.149400333333333,0.257385185002751,0.230829896945477
0.2290005,0.569358145946139,0.447918421392183
0.147750333333333,0.175389585439241,0.17924986111557
0.259800333333333,0.323813582309105,0.271832914068066
0.4080005,0.219446750436396,0.140072337095304
0.185550333333333,0.305260082998468,0.24426024045044
0.1791005,0.227404265561589,0.200553751456727
0.406000333333333,0.246336549120298,0.376203999067945
0.193950333333333,0.229718791779553,0.279802058806594
0.227450333333333,0.311255849890476,0.262167260418487
0.175300333333333,0.125615050692887,0.137568684260168
0.144650333333333,0.194689855367359,0.184700987135488
0.421650333333333,0.361884150990215,0.332862719888728
0.182950333333333,0.220156553556708,0.233816661521663
0.252650333333333,0.177511114370208,0.229578339648646
0.184200333333333,0.159660915640099,0.229152670679227
0.6620005,0.347179950260725,0.37732946558863
0.1115005,0.214544914379022,0.206002535502157
0.252600333333333,0.195531486682534,0.205848442226843
0.1506005,0.110560346065643,0.127359204248031
0.0733503333333333,0.0497599788476784,0.076102243128489
0.185250333333333,0.239761144881864,0.201845737110563
0.231000333333333,0.165325226655332,0.180625392975523
0.226050333333333,0.211639596176565,0.222024824368869
0.0875503333333333,0.145976221739579,0.141353121394656
0.0988003333333333,0.203360039739336,0.16138012033973
0.2640005,0.226203757115555,0.224802407983931
0.230700333333333,0.23780683088641,0.244302900626697
0.111250333333333,0.162478175672951,0.116950230110134
0.155750333333333,0.170176273152443,0.218215944617892
0.232150333333333,0.244032588722404,0.248885229287664
0.188000333333333,0.248215619779657,0.20283166716921
0.3370005,0.303500876969942,0.196933241335938
0.144700333333333,0.171231458882007,0.222787047268183
0.2990005,0.185533949432096,0.235364252304295
0.0872003333333333,0.229734264249479,0.170618439469298
0.189100333333333,0.177324967044384,0.260419334424779
0.0769005,0.0802348492404231,0.106100861983016
0.3800005,0.294945976344708,0.228104137887582
0.0612005,0.0715688594130452,0.0720286604493866
0.3150005,0.166309466293873,0.165069065931809
0.1070005,0.0916798853128237,0.162154855226985
0.3290005,0.210759508486441,0.155348868787363
0.1719005,0.166860963962622,0.181238804027324
0.3150005,0.210122024552493,0.151804965579663
0.1195005,0.14971694813639,0.164676805968549
0.0373005,0.061104039089598,0.119728662627526
0.4690005,0.188190408482586,0.170148949955655
0.3390005,0.133675068787142,0.170310100581755
0.5380005,0.312458159522669,0.284013123361736
0.1813005,0.191423863782832,0.158779701565542
0.0738005,0.143673912015665,0.181554691605119
0.5600005,0.214016825417591,0.225880364498967
0.248500333333333,0.16099040586816,0.15577208958108
0.1349005,0.184721064959399,0.181941672482465
0.0566005,0.0774480998208079,0.112379893830871
0.0902005,0.130862878363382,0.0932442121248763
0.0976005,0.151428239569618,0.214277307313576
0.432400333333333,0.187353691591684,0.134762053666279
0.0642003333333333,0.149094459225381,0.162980932383155
0.1322005,0.212373491036873,0.233593390155908
0.0770005,0.0745338568967351,0.119947059941408
0.0537005,0.124220168511248,0.0991497920936503
0.1482005,0.161023521053082,0.196253060235695
0.1101005,0.148191767077869,0.171729135063169
0.114900333333333,0.166451485247408,0.10986932484921
0.2490005,0.1296184193479,0.134814385021549
0.2710005,0.152783326543947,0.112937646732214
0.2340005,0.131716129630024,0.108901807864419
0.0936003333333333,0.117217326672682,0.14165622483421
0.0832005,0.0892977533047929,0.137415647131765
0.4770005,0.186556357422548,0.156796283881648
0.276150333333333,0.227048055310274,0.222348577082145
0.3050005,0.318483412231527,0.294631251817297
0.1149005,0.0859298414957646,0.108786184498971
0.0999005,0.131039008201279,0.131570409498556
0.2730005,0.187152521885555,0.169456570267782
0.3200005,0.165821985342463,0.213949473070861
0.5040005,0.427758272741458,0.274668537951327
0.4400005,0.270140954198184,0.216500160156287
0.4760005,0.317485728572863,0.32212349613046
0.3600005,0.250673441555142,0.294709318109982
0.193600333333333,0.15939512146294,0.124726227678184
0.2370005,0.109387455360226,0.130043267083338
0.2320005,0.1828272825017,0.132278444158234
0.2110005,0.203523288318914,0.166010506996809
0.2210005,0.112567289500129,0.178502390931248
0.0833005,0.214296241432695,0.233586807313379
0.0976005,0.230544933219924,0.148554049596568
0.7120005,0.227032320868559,0.230890846623112
0.2370005,0.173003428189117,0.157106378517307
0.256400333333333,0.184193493591227,0.208716653958572
0.2760005,0.189555868766761,0.213609074340475
0.2500005,0.211812977330866,0.150731696831921
0.4160005,0.248005994057103,0.257053591697101
0.1512005,0.159272868006596,0.186030723852479
0.0849005,0.136670655543997,0.11280981621084
0.3460005,0.213872809369885,0.243594557252148
0.2100005,0.260910667097074,0.238437050503723
0.143900333333333,0.0962607152644727,0.0993472472608059
0.5910005,0.349773725319464,0.247031988551143
0.2490005,0.202236462517772,0.25138769511478
0.4450005,0.376446754693783,0.25151471705903
0.1664005,0.263226090818039,0.170248439370394
0.1829005,0.176998326666815,0.162476944944777
0.221000333333333,0.232565747137038,0.218299917795591
0.283650333333333,0.103361824365734,0.088321848994441
0.2420005,0.280664556052776,0.246619765905128
0.2970005,0.488320979718538,0.295672786840983
0.2880005,0.245436819834389,0.200555776397732
0.3440005,0.35416414695079,0.246152688449689
0.3030005,0.252732680703531,0.215603875622867
0.2720005,0.529341163382489,0.364639341142166
0.328700333333333,0.213913752798988,0.200434106899585
0.1255005,0.111910608946661,0.0823846347131514
0.1047005,0.0446849684725731,0.0903841890716088
0.1239005,0.15150708546587,0.152528596511149
0.1290005,0.130645535185531,0.138797101605268
0.163750333333333,0.188230657760678,0.212713922161574
0.1655005,0.220691200949068,0.250498123630743
0.0968005,0.115329315708563,0.189860475609785
0.1462005,0.119802100341636,0.156250138876389
0.2170005,0.220593479172992,0.141901100781813
0.1094005,0.122430038022273,0.120145311428757
0.2570005,0.201533406615269,0.202822522407122
0.1277005,0.0801115842836053,0.117697426308095
0.2540005,0.239687153850523,0.289471469890563
0.338450333333333,0.158293938453528,0.14816550874273
0.0896503333333333,0.167786705312929,0.221652169201653
0.2200005,0.17896666812734,0.186655207495536
0.0794005,0.129392942005939,0.160148903064654
0.250500333333333,0.120105934272184,0.0810307344909175
0.121250333333333,0.110378044952343,0.153394801162026
0.267650333333333,0.201433302147692,0.193898914074216
0.2220005,0.136215914151481,0.156102472406896
0.2170005,0.259834629676374,0.23483857072954
0.201150333333333,0.144930374069855,0.158466950538433
0.1241005,0.137943425968977,0.109123863760664
0.0767005,0.0415311525791702,0.145357918831063
0.4110005,0.180179835462084,0.214666815190552
0.2300005,0.125740382100713,0.211582179778955
0.269000333333333,0.210661982363926,0.190548886814569
0.147950333333333,0.116760752338931,0.115567907336564
0.1627005,0.189782883387925,0.219992798679027
0.135900333333333,0.157644040225053,0.178013199367506
0.0868006666666667,0.0954479914454535,0.136287530757088
0.1076005,0.0644399182407667,0.104019845100611
0.1839005,0.126946386486228,0.21116623441495
0.115700333333333,0.123333339434262,0.197422223373524
0.267000333333333,0.348620084602085,0.295530169852273
0.2770005,0.162628894911116,0.164903533528261
0.281500333333333,0.227393513399414,0.142473536056418
0.2450005,0.135505727425433,0.134852755597172
0.3690005,0.189339905187381,0.175724110845034
0.136200333333333,0.0560865185767427,0.0922428543909709
0.2800005,0.154539649734962,0.17293375736839
0.156300333333333,0.156940883869543,0.166738006390477
0.0495503333333333,0.0280582655536969,0.0496478659127704
0.5040005,0.351398080135527,0.306808737896392
0.0924003333333333,0.106467983160727,0.115732238370627
0.1079005,0.128689519637536,0.174113600330474
0.1199005,0.138406887354323,0.138463667084292
0.1249005,0.137207055271284,0.182937544772725
0.1218005,0.0849786854384964,0.105488183207796
0.1065005,0.175831026364922,0.159109486825732
0.0881005,0.0562126184454735,0.133765840715831
0.1295005,0.0429643202388493,0.0605523967866833
0.160500333333333,0.232342291135807,0.189599585288348
0.2129005,0.134458115042865,0.135675923296003
0.0831503333333333,0.208392275959717,0.244209006928273
0.0749005,0.100895748203804,0.11987321233671
0.4910005,0.203796102575374,0.336715503542659
0.3550005,0.319663298787903,0.176750545189627
0.2770005,0.233567036875188,0.15030106963662
0.2560005,0.192772187638933,0.227238032149111
0.1088005,0.0901832455398879,0.115604265298778
0.2150005,0.14441931141264,0.157414117959909
0.146550333333333,0.197793419800182,0.184423136861017
0.1877005,0.181644707549414,0.171451674766721
0.3630005,0.244851694176561,0.234099853915458
0.4170005,0.503470706136881,0.325499908020974
0.256200333333333,0.195724560521863,0.159128637438948
0.1543005,0.238973691088388,0.210920864009966
0.1788005,0.157717619293417,0.150713783166963
0.2710005,0.24177975823112,0.268428144942644
0.198600333333333,0.236740903284422,0.224764283471922
0.1809005,0.221667929247111,0.167304872770559
0.0986005,0.245836561498467,0.11962990234475
0.2250005,0.175519012245718,0.231057682124068
0.4900005,0.215968814698619,0.189469681125404
0.0786005,0.085576990590563,0.0997997783271431
0.1901005,0.192473554491146,0.159010054369686
0.111550333333333,0.280217208994695,0.236437866900165
0.2520005,0.272721286007355,0.222199005630803
0.5480005,0.277146287080195,0.229016330598066
0.1086005,0.304466431612629,0.18797463772822
0.173800333333333,0.159306752594266,0.165200854036896
0.1690005,0.25385934977011,0.130731368512064
0.3810005,0.380692814367056,0.180595950010175
0.0788003333333333,0.137526273621897,0.0931784275217944
0.168750333333333,0.167505722155199,0.201357094411843
0.0939005,0.0945950011969313,0.127290078764523
0.117700333333333,0.122614486937908,0.107747388473565
0.213750333333333,0.181768931646349,0.157434226794065
0.1380005,0.17086123995001,0.316414595316412
0.1077005,0.135236729445158,0.144896058866614
0.2610005,0.172847212072394,0.207815508239716
0.2020005,0.119634041608705,0.112897990543368
0.0855005,0.190169344734897,0.226504186404311
0.2600005,0.35675423377308,0.169338759166288
0.2210005,0.197461500055184,0.193344123798315
0.116700333333333,0.138605379491325,0.143455803371249
0.2190005,0.173052523633482,0.198218475114487
0.0804005,0.104091999361636,0.0611727959057991
0.2440005,0.241844760744815,0.218580315168324
0.0821005,0.113649929307904,0.13353042918625
0.1123005,0.172887419484165,0.14732872428164
0.2090005,0.191288297436835,0.181077020926008
0.2180005,0.251334462116137,0.210347544849143
0.1517005,0.136579818065335,0.168298428660633
0.3190005,0.167398959854913,0.146451801058515
0.0491005,0.0876216076010912,0.104520722008744
0.0909005,0.0980477761049135,0.150974196135919
0.2020005,0.234187905726113,0.203023326527502
0.144600333333333,0.190135403303444,0.181056518860268
0.339650333333333,0.242750138345407,0.239113548426152
0.1648005,0.175334613130518,0.174593954481906
0.3540005,0.473734395125144,0.387662710369349
0.0980003333333333,0.11703275193947,0.117072771517766
0.1886005,0.123969341765565,0.136457100619757
0.2630005,0.157441463289343,0.165673780857602
0.5190005,0.19431069855134,0.184592452410356
0.2440005,0.260465821823492,0.19071710339487
0.3380005,0.246012647049927,0.354960258002074
0.1109005,0.309450645333521,0.171464892150313
0.143500333333333,0.148424478609458,0.197511087571932
0.0665005,0.0676395202403647,0.125279164051981
0.1980005,0.221205517954015,0.175598969547836
0.0515005,0.0746489558381791,0.0941768175743627
0.189400333333333,0.166880957994101,0.157258831245865
0.1198005,0.160341298355124,0.196530402373512
0.2230005,0.213164780886403,0.213524490429607
0.174350333333333,0.171392572980375,0.21342039744919
0.0594005,0.163672911220723,0.14285345086234
0.182000333333333,0.193304702470829,0.145987226265047
0.3950005,0.266573537468108,0.227340337116333
0.2090005,0.221988802564528,0.199626193760455
0.1938005,0.195719037749691,0.184009795656758
0.1858005,0.154138843843288,0.183481736826109
0.1355005,0.104398638414251,0.135053821651907
0.0893005,0.135094164635152,0.160971694842592
0.9350005,0.515731871723439,0.334928928185615
0.189450333333333,0.178174377770658,0.219315304031971
0.145900333333333,0.217842262537777,0.193784518837875
0.2350005,0.0882282991385405,0.104481659866243
0.0954005,0.0640726001147684,0.110102637162644
0.2230005,0.323303338966482,0.27899554420049
0.2820005,0.116463280602732,0.112145680556984
0.171300333333333,0.128803418657754,0.0930822845126171
0.1105005,0.154290568257921,0.15236937273079
0.0460003333333333,0.0717759249600242,0.0933128092846317
0.197000333333333,0.252815002222067,0.26814164955206
0.1952005,0.127360028840942,0.169396979783046
0.1265005,0.0957293419662147,0.155769717366599
0.579500333333333,0.288048491730104,0.22831060842717
0.317500333333333,0.326640768852275,0.317816321323857
0.2100005,0.187545413350089,0.147196068825808
0.2680005,0.125653667262211,0.140817146105912
0.1556005,0.207423642818737,0.188368820422732
0.3770005,0.26991256036221,0.325786239166699
0.1683005,0.193567696708115,0.11834169132287
0.2820005,0.16646194172405,0.151822194963545
0.197150333333333,0.224805869149191,0.256049473531919
0.6440005,0.35345579037858,0.294263720616026
0.2890005,0.213585963667296,0.194161987835057
0.2010005,0.187413928560301,0.234700570354255
0.4920005,0.297775029930002,0.245159853301434
0.2090005,0.13674418854841,0.0887482347761398
0.6210005,0.217705999835923,0.222744895982583
0.0979005,0.0886664034607076,0.14850654132433
0.2900005,0.189890489368148,0.141911656645924
0.199200333333333,0.247113992947883,0.226293241004624
0.1660005,0.139884384022516,0.129745588632835
0.0978503333333333,0.146765416465225,0.0862908472383927
0.2740005,0.19131215039054,0.245991865493299
0.2230005,0.19156663964288,0.197157669870365
0.4000005,0.205518577927378,0.178538972961978
0.2610005,0.260485916320015,0.232849796134953
0.2840005,0.34134480021536,0.263994577612887
0.3500005,0.331662898201411,0.441105927151783
0.0490005,0.0769386112046987,0.125320876976906
0.100850333333333,0.0767061170914622,0.104968706873292
0.0988005,0.201653060081348,0.122669411480859
0.151450333333333,0.144100132227138,0.122368389865537
0.2440005,0.239748450259794,0.243366610975958
0.8080005,0.323222364912782,0.36691232326981
0.2270005,0.184058925025737,0.165993334908217
0.2150005,0.166212292746984,0.191846107088873
0.1326005,0.149499892066983,0.188152172655173
0.1842005,0.114019293406028,0.179071112100399
0.2410005,0.145455791478372,0.124904017412731
0.4070005,0.394536736748668,0.238773763786114
0.1778005,0.130921078209039,0.14808804580133
0.0647003333333333,0.113816681727716,0.123042543455636
0.3710005,0.27720231030211,0.26847819145857
0.2830005,0.24876028487301,0.274733317616022
0.131150333333333,0.104700313895174,0.134635866431346
0.1973005,0.182426509884331,0.133472129629069
0.3330005,0.275262352856102,0.265931310599907
0.1409005,0.159955761971056,0.161006128908341
0.2470005,0.255770074539932,0.189542315909148
0.7430005,0.234784888950498,0.253037094840559
0.142750333333333,0.157080044280087,0.168346516872288
0.1215005,0.181868768214758,0.22354497492421
0.2580005,0.14332451633157,0.160659912975896
0.1148005,0.108068508457595,0.138598589949784
0.6410005,0.33337639252796,0.265405696463942
0.1791005,0.168774302038888,0.147397997744302
0.4140005,0.286263767634806,0.260540492189783
0.1847005,0.0955554408796721,0.105052442817547
0.194200333333333,0.185987231994419,0.194919945143151
0.165200333333333,0.164758437533332,0.172672753418713
0.2210005,0.16324191604682,0.151484144576643
0.3520005,0.216914561514909,0.164943753619525
0.1694005,0.171182128245765,0.122088553034104
0.166550333333333,0.1562797378898,0.16093724062068
0.3470005,0.294873929072088,0.406234714874174
0.319350333333333,0.165350621265499,0.232192808538205
0.1952005,0.234515780075966,0.234667768266766
0.2860005,0.320368323426604,0.236546056933625
0.1778005,0.107199786665957,0.136650807992694
0.0222005,0.103444982716023,0.131815121409346
0.254300333333333,0.271444450092734,0.221920058587072
0.0905005,0.158128608853106,0.137493331524737
0.155350333333333,0.175869151475817,0.287550078724202
0.102050333333333,0.129920626086299,0.118626431630903
0.1694005,0.233034319054024,0.177936123437573
0.0779005,0.160957068379798,0.188880290213904
0.0960005,0.130765667751644,0.155682334152942
0.0332005,0.0875376156301483,0.0756475305733187
0.2880005,0.183967849718124,0.211327783979587
0.1560005,0.206019754677261,0.205421004708007
0.1514005,0.0922951104890722,0.077387512329301
0.167600333333333,0.198820693854852,0.19124867094069
0.1223005,0.139288916697385,0.195669193853761
0.1624005,0.0395760395389669,0.0623879702956527
0.1722005,0.159328977728563,0.167539421629807
0.1509005,0.0954298707703904,0.0720495859513987
0.2080005,0.164343148242288,0.138173566068285
0.1621005,0.248512793904491,0.188781992435036
0.1829005,0.199346468020061,0.170248875542241
0.1345005,0.512682733438402,0.294203048928505
0.2030005,0.128625601263919,0.139673551304418
0.2400005,0.17656939114761,0.138619494089624
0.1182005,0.14263395415907,0.140961418992579
0.140000333333333,0.0959406865351198,0.085128953783324
0.209700333333333,0.111843191897533,0.128147933974394
0.0970005,0.190254169468189,0.290811015165392
0.1899005,0.161741590302349,0.135519115334343
0.4570005,0.230022258476064,0.187292281025629
0.1722005,0.122832724209473,0.150360066519471
0.1146005,0.204443652506728,0.117568843177285
0.1088005,0.156673477671807,0.182717253728859
0.3210005,0.204401642454716,0.207736167433727
0.264700333333333,0.172358941266549,0.242836782267344
0.323550333333333,0.24742138690627,0.157895220666496
0.159150333333333,0.132177091339603,0.113431588235284
0.2270005,0.233052177137255,0.19307975951432
0.176550333333333,0.197734406577744,0.198740933396223
0.197650333333333,0.162554448643504,0.147334242234867
0.163300333333333,0.0935126555656899,0.106108621611423
0.196450333333333,0.192549178106381,0.2279056336829
0.1006005,0.13706366381483,0.132758266006555
0.203200333333333,0.217799975341477,0.202267346479165
0.162950333333333,0.130695558318869,0.217625345365277
0.1705005,0.222737705063552,0.152659023284451
0.0730005,0.131252078225826,0.128508865218046
0.0580005,0.10307483987606,0.117448028383329
0.0820005,0.0962315092441656,0.107644776371445
0.0585005,0.144122119627926,0.1061353104705
0.0797005,0.10940941523668,0.0703764558142747
0.230300333333333,0.167637571043556,0.105968990998147
0.1689005,0.105392331914522,0.116153092710787
0.2370005,0.209720955520837,0.128327424215266
0.1483005,0.20031656367943,0.159881169648025
0.2990005,0.164364346280366,0.22348421016175
0.2130005,0.188772197930269,0.19801523107857
0.1142005,0.0764707610267748,0.10061039605027
0.1075005,0.181864201543041,0.221724575014995
0.5550005,0.522825063424495,0.341784945536704
0.170500333333333,0.187942663528082,0.192246749182738
0.0638005,0.0858399039436015,0.11520727718517
0.3700005,0.282896536882374,0.197112276900996
0.0763005,0.141556986643709,0.146124487800134
0.0930005,0.0678937096880716,0.0694175732420545
0.5500005,0.392714837960722,0.32608623767582
0.1787005,0.195018029875075,0.0872630448513058
0.4640005,0.252299644583351,0.193151877499691
0.0332005,0.0393563890650042,0.0630707087352026
0.1127005,0.233548767762609,0.176455763906775
0.0434005,0.0353108845023479,0.0604497789136265
0.291800333333333,0.234337680992255,0.239435363260594
0.3600005,0.165927143740726,0.150269757473629
0.0888503333333333,0.119477644139599,0.128521167139389
0.0553503333333333,0.149441203325428,0.115490088387584
0.129700333333333,0.104057506585415,0.0750686696726535
0.3420005,0.282349699966496,0.191100802677719
0.190900333333333,0.138945282738027,0.111728561305148
0.193550333333333,0.168801866011853,0.144073992745713
0.191650333333333,0.143096503761139,0.169758373884745
0.280850333333333,0.149243243208304,0.196750412677018
0.188750333333333,0.1813501284669,0.271386929700693
0.1245005,0.311132007423513,0.157222731528161
0.0384005,0.0607156766769137,0.0616654365095425
0.216600333333333,0.18963799331467,0.287001583746428
0.273950333333333,0.232436088925984,0.149857220118759
0.2260005,0.104512664107346,0.132128588979594
0.3350005,0.159014976020574,0.178279710535987
0.1413005,0.0333963240994385,0.102958982460601
0.0546005,0.0554173950150805,0.0892835755893301
0.0945003333333333,0.089751386145632,0.120650333790962
0.7260005,0.394359336054055,0.303609250912782
0.377450333333333,0.253300764994123,0.18590029057885
0.114600333333333,0.117236177867656,0.109225535878472
0.0643005,0.125364460843949,0.112520904941317
0.1547005,0.200824252555545,0.137442145999306
0.0329003333333333,0.050737169717195,0.0392339807990669
0.163950333333333,0.186939606423857,0.191423807982575
0.105550333333333,0.132921107177563,0.117186560666311
0.226100333333333,0.196267393075414,0.290409248170202
0.0767005,0.0474944113546852,0.0788322405351478
0.3251005,0.174402648329785,0.140158663671236
0.0334005,0.0578724819574751,0.0454953190285421
0.0347005,0.0648558175075282,0.111342588301131
0.146500333333333,0.190999742189977,0.157423229588892
0.1524005,0.189174874201218,0.219497175937896
0.1387005,0.195043539231469,0.175188354850633
0.1465005,0.265590461722229,0.27886298374339
0.0356005,0.0354543752344202,0.0449945620885217
0.0679005,0.0731960429422493,0.0779342395515361
0.2640005,0.134327835492314,0.124167029703588
0.1825005,0.095552963780017,0.110715726820633
0.1186005,0.106541992944425,0.118854616278429
0.296900333333333,0.215211054154155,0.239302069884692
0.212850333333333,0.160673995767918,0.197950204027594
0.1897005,0.185247450599825,0.18078450227636
0.241500333333333,0.162652226367815,0.137143739195729
0.0456005,0.0652810361104964,0.0837930753520372
0.161550333333333,0.135472363847476,0.168157991616627
0.193750333333333,0.225612619631088,0.247966503338731
0.0631005,0.0293046421233139,0.0656868919803999
0.0850005,0.103103194895412,0.106357191274662
0.1420005,0.0745866068696525,0.0785440397336581
0.0934005,0.094202657424895,0.158469780550824
0.103400333333333,0.163475808978247,0.134565941211142
0.3610005,0.300944049107795,0.297896304782855
0.3260005,0.274037507824416,0.307652477555093
0.176900333333333,0.214959731120348,0.293406413924521
0.1687005,0.192856413077278,0.146318023318165
0.0597005,0.0969370298902676,0.161786568032761
0.1902005,0.172150026464202,0.153111956950032
0.1524005,0.30630142514247,0.226503346165797
0.1859005,0.172786546926665,0.197545109440071
0.1510005,0.17622673465214,0.173266895979017
0.2860005,0.21334326980826,0.198016931035968
0.1499005,0.0606268369211716,0.0479559852375634
0.211550333333333,0.34553456617517,0.2383082967443
0.101050333333333,0.0898812282342525,0.0810663475925708
0.0586005,0.137444545246964,0.102492210065393
0.0634503333333333,0.0558868149232255,0.0778883217599795
0.0610005,0.258345844337076,0.156624064579501
0.182100333333333,0.207043553340865,0.212524290731777
0.179900333333333,0.188044668230572,0.204406173587436
0.2160005,0.1890392693852,0.224377430181814
0.1215005,0.0801327349672156,0.0927136581485274
0.1883005,0.232285437800074,0.277177595427155
0.169950333333333,0.111617033304908,0.127891539694862
0.0813003333333334,0.127398285696786,0.110884126238803
0.0547005,0.0632464261095008,0.0634864009986267
0.0784005,0.0503951082386834,0.0786606045492823
0.1176005,0.124780891745303,0.174366795654336
0.1025005,0.0397293616476887,0.0760661009899902
0.3420005,0.267755030066819,0.245026400798261
0.0564503333333333,0.11195750023315,0.14022160433774
0.2410005,0.201977651605163,0.180908221090533
0.0609503333333333,0.0864621059441608,0.108258888585032
0.2045005,0.108629118638557,0.165896052473405
0.2700005,0.353333528584389,0.247026479737181
0.0931005,0.15204707390173,0.148923937129007
0.1481005,0.181153482453267,0.139600312665109
0.1575005,0.240441402261886,0.196266727153886
0.0786006666666667,0.157999989922293,0.192883868437603
0.2340005,0.356476099433108,0.271370030433247
0.172750333333333,0.14833816607891,0.155828726950231
0.212950333333333,0.146645947200901,0.166076365097738
0.1818005,0.121453131779353,0.124376096704691
0.0905005,0.0490037689452004,0.103992459772402
0.2010005,0.564211798550029,0.368016092193453
0.3350005,0.14751135265184,0.131592022301365
0.0434503333333333,0.0476757510782474,0.0655472636236905
0.125350333333333,0.168459067809983,0.171506695193179
0.184150333333333,0.211159427874047,0.124434279960825
0.186850333333333,0.143141014170302,0.114406600256952
0.139950333333333,0.12691923634328,0.118274958303216
0.132100333333333,0.122193584701825,0.106665465566241
0.0712005,0.0835032175567275,0.115047704295486
0.250500333333333,0.171955934258374,0.136446862360652
0.6140005,0.382917644790839,0.395083537978857
0.3050005,0.290064547707525,0.389059452467319
0.189300333333333,0.14346513591655,0.108630706892823
0.0395503333333333,0.0253873359380601,0.0384783329896941
0.245850333333333,0.209837366489122,0.128068547057336
0.0787503333333333,0.108571184422201,0.104466841601331
0.2680005,0.576935796209866,0.386703109020894
0.0814003333333333,0.0928696168768729,0.0980580533439357
0.0797003333333333,0.0713822293908771,0.0936495085032204
0.2980005,0.201645003066866,0.166779292082049
0.324700333333333,0.107218876462123,0.0876237993505397
0.0844003333333333,0.149590594343238,0.180569494564955
0.112550333333333,0.129782290931155,0.0509482757938463
0.0662503333333333,0.0818674134789455,0.104082710350349
0.3240005,0.159150769034709,0.152954661288454
0.118950333333333,0.168075353262755,0.163970818806246
0.1872005,0.147052493147117,0.165365952079341
0.1591005,0.208651336048703,0.181515184345939
0.124850333333333,0.191837915127539,0.148463765565073
0.1498005,0.144604961499898,0.109091578610553
0.0727005,0.172421800532015,0.277694419466664
0.129800333333333,0.185559798128045,0.230473253476271
0.2510005,0.227680105988902,0.189668456211455
0.4390005,0.287324338776244,0.206401790089444
0.135950333333333,0.178828764887611,0.174944396536418
0.1775005,0.188129907812578,0.232224283578505
0.0777503333333333,0.117514754328546,0.138288176202338
0.271650333333333,0.389108978883384,0.223073414945805
0.2140005,0.104057735915256,0.158976981236764
0.136200333333333,0.127182412498319,0.101644172309654
0.144350333333333,0.150353608407053,0.126494019790144
0.0518003333333333,0.0948540222274896,0.0701500344156615
0.0782503333333333,0.16126556921334,0.125536313896156
0.0617753333333333,0.047365751391345,0.0837707195085306
0.2500005,0.153692239113771,0.16170033499656
0.3390005,0.198083053640516,0.208753266210263
0.0607003333333333,0.129672205153084,0.136500850169361
0.0865503333333333,0.111798493337659,0.116713895989095
0.0734005,0.115372568949068,0.142296993778824
0.1452005,0.120700376724165,0.184468742030934
0.0683503333333333,0.07986846268077,0.0952298238251153
2.01215033333333,0.271019339162173,0.243960767726322
0.219500333333333,0.188330107628139,0.201682688467046
0.426000333333333,0.795000683709549,0.181858057078384
0.0831503333333333,0.113341551775019,0.11923847174297
0.3220005,0.301480620996471,0.222757406742652
0.2558005,0.127512504080795,0.158206183723039
0.0935003333333333,0.131526159752402,0.102619542928594
0.0790503333333333,0.0825870206143588,0.0794421405320083
0.0863005,0.0844364599665456,0.136158156205194
0.0920505,0.0930903466596893,0.0896215587225305
0.2140005,0.076034546904715,0.148971740211527
0.123100333333333,0.101066160005666,0.109419687036785
0.2940005,0.241090015192437,0.198894569666924
0.0747003333333333,0.128480807299702,0.108075436323312
0.2310005,0.152838427705726,0.126547303537645
0.3010005,0.243322661274812,0.228914292941595
0.290750333333333,0.275214176460602,0.200371124568626
0.1759005,0.245331158531559,0.203863483222125
0.2380005,0.154224489754553,0.137868156496044
0.2400005,0.273512547078132,0.245420439080048
0.138800333333333,0.111731694952259,0.181760895834852
0.1837005,0.130834940578449,0.15051280071806
0.2910005,0.43199401938729,0.341372357162739
0.2380005,0.173252755497055,0.237248526343762
0.217150333333333,0.185038444635857,0.209089950314176
0.199850333333333,0.222962421552752,0.200826984551245
0.169450333333333,0.224940627083574,0.216030716878789
0.200050333333333,0.139083939451666,0.150904347037362
0.162200333333333,0.148021969117725,0.117558597886817
0.1465005,0.140022612999093,0.102706172841862
0.1722005,0.209142160724714,0.193218405134206
0.1438005,0.0825853328382242,0.0844619258726355
0.1512005,0.140267905893955,0.103938125191686
0.6720005,0.235358791741676,0.286012653932266
0.102000333333333,0.238427967712469,0.224334837371821
0.0839003333333333,0.167795921257706,0.143226299467243
0.137900333333333,0.143590473556123,0.162882086502563
0.229450333333333,0.158732774741791,0.152306278153733
0.0872005,0.0912192678273701,0.0953580710491313
0.244650333333333,0.145493766242156,0.190154759925513
0.188250333333333,0.156113663540372,0.173747880731552
0.0559503333333333,0.114939454790411,0.121027220382925
0.0787503333333333,0.12508563877919,0.0933153587539738
0.0690003333333333,0.0662106675291217,0.0726987145549488
0.196650333333333,0.189446448739804,0.224685150112775
0.184350333333333,0.155856273964779,0.16237389445874
0.180900333333333,0.148551826290964,0.186419590536035
0.0683005,0.124840551515249,0.0843643423219494
0.137450333333333,0.152352939085632,0.14214758397796
0.4210005,0.247483041543573,0.358011366859178
0.2150005,0.189208199896915,0.150128367426714
0.3170005,0.21736033549647,0.221888855520616
0.1899005,0.20620767290785,0.213608594080339
0.105150333333333,0.142516529773872,0.0952078321338645
0.119300333333333,0.111254290283422,0.131560535676351
0.178300333333333,0.197854580739308,0.187252098094288
0.0314503333333333,0.029767997073329,0.0397198942617856
0.281100333333333,0.147931354129071,0.20578674757983
0.1309005,0.160088387294423,0.163971680169283
0.142200333333333,0.117243166190626,0.120732282167235
0.148350333333333,0.195828700553826,0.225040552732838
0.244600333333333,0.191985875844158,0.229200972627003
0.2220005,0.293187353476171,0.18758099857711
0.0734005,0.0782574598905772,0.10596921884328
0.247200333333333,0.200679552676186,0.210297713070685
0.1107005,0.091318163844272,0.0904664371036985
0.198550333333333,0.158052594150698,0.189892994059913
0.100200333333333,0.163636327336558,0.147886053551083
0.245550333333333,0.159174827049258,0.166454380101473
0.184700333333333,0.158884112766221,0.186383487723982
0.115050333333333,0.135690067449324,0.147003683963284
0.111850333333333,0.123469012123367,0.143940154050235
0.2950005,0.210819382709132,0.172170698927531
0.143550333333333,0.133135125800997,0.178023035368922
0.118250333333333,0.150738296382797,0.122338433209598
0.114500333333333,0.1273114017085,0.06644888164665
0.187150333333333,0.145721087701329,0.193760959545761
0.0945005,0.0960801529503682,0.116729289062411
0.3800005,0.144087748481434,0.109542277880323
0.179200333333333,0.199123685451215,0.206806657459526
0.100250333333333,0.199721203054164,0.148022798716604
0.0639005,0.123295582920206,0.122211053599023
0.1368005,0.18928032847903,0.1331618890995
0.208250333333333,0.173211109333228,0.227239795424895
0.106400333333333,0.136686565644104,0.166270056970357
0.111450333333333,0.120386706406057,0.0857331149589939
0.0859503333333333,0.102607694620906,0.0764566188110475
0.2330005,0.171610318755338,0.158596690589575
0.211450333333333,0.21510406222248,0.206701805124452
0.0678005,0.122397101531178,0.141656643119555
0.244500333333333,0.249462481500207,0.207849545076705
0.1857005,0.285927357587809,0.262163847913886
0.143650333333333,0.176710200968604,0.100087853735611
0.1246005,0.115374752326316,0.079434790083857
0.2080005,0.20262968264114,0.243818671490325
0.244800333333333,0.140500631728883,0.218276766270135
0.1494005,0.171438875217778,0.155741314097365
0.1015005,0.142496401858407,0.182470186441537
0.0859503333333333,0.125214780307065,0.0997042315706588
0.1986005,0.163851521692669,0.147812191708446
0.1803005,0.205847130757689,0.183073979632272
0.216500333333333,0.202862785068117,0.188877799206601
0.251000333333333,0.288739743585812,0.202091665285305
0.120200333333333,0.0970541150143075,0.0794432494147381
0.1308005,0.0897826881662523,0.0933880116619071
0.0602503333333333,0.0935679199736184,0.0955457095363926
0.165500333333333,0.125417666235698,0.104968346011238
0.0746003333333333,0.0537385768674799,0.0724347019294561
0.1818005,0.171332101375553,0.240380736915538
0.2190005,0.224360196428264,0.207644823031122
0.3660005,0.193248259036751,0.124212316979089
0.115150333333333,0.0877005546997624,0.0952847280531419
0.145200333333333,0.111940003222845,0.15235638745395
0.177650333333333,0.244096607990545,0.282762164825983
0.113950333333333,0.135036708724991,0.114923253870205
0.0426005,0.104510467253997,0.0965668636572369
0.179600333333333,0.171224665304639,0.198098339151527
0.223400333333333,0.11663388259621,0.227066236843138
0.0604503333333333,0.0701768927396104,0.0874932759863807
0.2200005,0.138106740116455,0.170747787377109
0.2069005,0.282111871337363,0.298310086617891
0.184450333333333,0.160327239185597,0.19932858944094
0.216650333333333,0.236932847620116,0.198259733418086
0.153500333333333,0.125687411218617,0.0929382375898438
0.114550333333333,0.140352434955988,0.131076124332701
1.0010005,1.34385112858401,0.382037231303533
0.144250333333333,0.118629697764367,0.101353451798786
0.424200333333333,0.295610841316698,0.455503879710542
0.216350333333333,0.16960467690105,0.236023604588626
0.1836005,0.212570689570462,0.226432683199281
0.193300333333333,0.212231904574319,0.240637890506956
0.2530005,0.112387117995387,0.110679879531206
0.1491005,0.243836027234629,0.175712794241115
0.144650333333333,0.195811774207471,0.232793922169638
0.0811005,0.106066497462898,0.122643471016313
0.228250333333333,0.146933809145328,0.170224600309302
0.302550333333333,0.265487359827862,0.187767830788955
0.218550333333333,0.241249225778334,0.22675371413446
0.139450333333333,0.12461337265563,0.102818066648053
0.2180005,0.239322875642294,0.197572141565927
0.424200333333333,0.326035308488546,0.201938134922568
0.3170005,0.296766170111104,0.268493281428459
0.138250333333333,0.230555141277316,0.209780916408488
0.0682006666666667,0.108592748752338,0.145264652858031
0.2760005,0.213879565120436,0.249542617498901
0.1256005,0.103343200216944,0.13600803353696
0.1316005,0.119356963917929,0.101285662457985
0.1363005,0.0929545914329978,0.0726268477009636
0.1496005,0.143705818355253,0.199437768264224
0.0996503333333333,0.179812155764733,0.122789681534792
0.0469005,0.0792455104682012,0.0775972184644787
0.123200333333333,0.0694579452355995,0.0862872391053727
0.0822005,0.0984824510871782,0.0685032085682112
0.136050333333333,0.131387951986108,0.0908325323979323
0.143000666666667,0.153230021596148,0.181649420967204
0.1312005,0.202827143073824,0.140935591521399
0.1119005,0.11446911279096,0.130472167340877
0.1813005,0.205429555518071,0.164369089568942
0.176450333333333,0.156869741567143,0.188403496950327
0.0567503333333333,0.0739273540684026,0.0898845949013491
0.1155005,0.207441529743123,0.185849917408796
0.0852003333333333,0.100572629287544,0.111044943746508
0.141300333333333,0.168280945069047,0.159986642049558
0.6300005,0.598960520318121,0.331228554392093
0.0427003333333333,0.0485489168020168,0.0395770697724202
0.0893503333333333,0.118503167790323,0.131488216793962
0.2010005,0.129786895901071,0.146693840914588
0.0889005,0.0785210864062615,0.163789300296792
0.116800333333333,0.198400682034644,0.104123251302855
0.0491005,0.0974743729470132,0.122634008961029
0.1952005,0.171410333681276,0.0942154677526032
0.195100333333333,0.24683850976463,0.175749402319539
0.1736005,0.215410100881685,0.193563738210665
0.197950333333333,0.186273599424326,0.240570069732755
0.1473005,0.140739026428264,0.157706841808634
0.168250333333333,0.190599330837287,0.182767655233666
0.4220005,0.216634871041235,0.230269485927935
0.288400333333333,0.296694933187973,0.302005218536401
0.0533005,0.0728241563267917,0.110264473411058
0.0635005,0.0737732563507954,0.118577460603496
0.0739503333333333,0.162048549471187,0.114048733137319
0.111700333333333,0.177974637873297,0.156436896557304
0.205700333333333,0.1890537961619,0.218073421434574
0.2290005,0.229811752740406,0.200011616185376
0.0898003333333333,0.0919505798077676,0.0632191019570546
0.2240005,0.19768536505735,0.248748724772051
0.206600333333333,0.143742836868823,0.177139050114281
0.110650333333333,0.130922418685805,0.107765330018155
0.173600333333333,0.235755033661708,0.175053302200348
0.1022005,0.111426754732359,0.0823609450950234
0.2520005,0.115693635760755,0.148796393262133
0.0268005,0.0316901425910215,0.0400144602417131
0.185650333333333,0.11500321721692,0.12263540960019
0.3180005,0.222439924106061,0.206056983260152
0.1843005,0.133313797035541,0.163236298930142
0.0816503333333333,0.121787723330544,0.0977629321085106
0.4380005,0.156109549017091,0.208565205061029
0.2930005,0.22936115904624,0.146675852922364
0.205200333333333,0.159341787563061,0.102516513793987
0.1394005,0.106397458445069,0.142298520285604
0.192750333333333,0.331754610650442,0.2268876100451
0.0914503333333333,0.220086924191173,0.0996114284250976
0.1396005,0.128357181404152,0.176229151518247
0.2320005,0.0814580770538626,0.172729902575917
0.4010005,0.220988417315003,0.181891260281427
0.194400333333333,0.205401252784374,0.178913477430325
0.143000333333333,0.13786829766065,0.163272048731554
0.296500333333333,0.165182440215303,0.145419935549067
0.119100333333333,0.192749793858253,0.151607672368078
0.1336005,0.097599075699549,0.0766596443609144
0.0305003333333333,0.0426768973497398,0.0739869592704028
0.120700333333333,0.109244580188288,0.0871737106956639
0.189500333333333,0.17340996246613,0.246129219197341
0.191450333333333,0.243644689506698,0.199677901934352
0.0556005,0.131896007522611,0.124402252061844
0.3140005,0.155112058141405,0.19175357980465
0.125000333333333,0.175941540977541,0.174347497335494
0.2460005,0.176350591498673,0.205285712931753
0.1975005,0.30255807817215,0.270642935601533
0.199600333333333,0.112146204854037,0.119830021525009
0.126200333333333,0.109376644636731,0.111877871405065
0.115900333333333,0.139309304643925,0.106444479299667
0.0465503333333333,0.0812377076453021,0.0601710527980196
0.103750333333333,0.110387374423441,0.105566611138695
0.0841003333333333,0.149151347374733,0.143650485719807
0.0534503333333333,0.113710371734893,0.0883864792921711
0.0436003333333333,0.0616569227893802,0.0669995278333668
0.183450333333333,0.197239724924905,0.229824565283986
0.0527003333333333,0.1202320840827,0.0740678787308158
0.153050333333333,0.141235621630639,0.172880046438769
0.0996005,0.157454114654484,0.132305912052012
0.1979005,0.161540817431083,0.157862629260005
0.120550333333333,0.0832360480146255,0.0754655550723761
0.0496503333333333,0.0988908453196628,0.0704928200994686
0.122300333333333,0.145604597825279,0.130386498400508
0.185200333333333,0.201408056721946,0.278169057311286
0.1373005,0.152727218575099,0.195983181550146
0.1145005,0.0805654194911182,0.0859630817341952
0.178750333333333,0.18205689992901,0.0835473048129293
0.0680503333333333,0.0905811307726369,0.0915473376995122
0.1300005,0.199221648364319,0.166856132886066
0.0540503333333333,0.0925674283969287,0.0447480792363109
0.0796003333333333,0.127087797030477,0.128924708847813
0.143100333333333,0.162476742611318,0.217962193839945
0.0297005,0.08002727477265,0.0933410818652326
0.0553005,0.11905411605976,0.13351990563122
0.0570503333333333,0.0907284833877997,0.0772983793151824
0.243000333333333,0.301190896487641,0.246063021492852
0.0596003333333333,0.121254229233175,0.122032915740591
0.196650333333333,0.126022743118895,0.150734864536797
0.2300005,0.147662312055055,0.136985863651551
0.1115005,0.193443087262302,0.163021791900353
0.196800333333333,0.240416503639587,0.193269100253027
0.0549503333333333,0.0996783170208856,0.0956209606622773
0.0555503333333333,0.0871229921778524,0.0794798493388721
0.1707005,0.145428968881943,0.153589428991111
0.149500333333333,0.153382160402637,0.185665850210723
0.1662005,0.219020224473777,0.194631209430131
0.1770005,0.107876875943307,0.164076099286862
0.0817005,0.0961198678322435,0.0869794112278858
0.1145005,0.108977970161257,0.102909703699722
0.0634003333333333,0.129940622731407,0.0878330551267528
0.2020005,0.258080453033732,0.244300310791544
0.2360005,0.427674434086071,0.316189427048139
0.102500333333333,0.175994140471944,0.139760258881162
0.118500333333333,0.141010561881816,0.129585678086711
0.150750333333333,0.15344246798914,0.189613204562778
0.0458003333333333,0.0501040313911824,0.0495486362536291
0.0830003333333333,0.12845199482738,0.0917377707989783
0.2220005,0.151675188909386,0.144558209237813
0.0665005,0.154060195069999,0.293497847560884
0.224150333333333,0.191994362952962,0.185273380940244
0.0987005,0.125365181864349,0.111550638848663
0.0562005,0.0887172057744793,0.0992017554009299
0.0335003333333333,0.0588552568406777,0.0524783010735836
0.0740005,0.0810547645388213,0.0843959445976355
0.0562005,0.0557392828476126,0.0657528198277415
0.4580005,0.363447819759419,0.281878403802181
0.166850333333333,0.195286587716441,0.211287597046356
0.1350005,0.163775574986959,0.202844394291784
0.0373005,0.0319444863719648,0.0679201968144248
0.1534005,0.156145647122665,0.213923852662227
0.0793503333333333,0.137868986554638,0.113706369083555
0.0768503333333333,0.129988630278231,0.123520403202998
0.1612005,0.0661231935817231,0.0707886902751091
0.118250333333333,0.130622950330627,0.122341800284616
0.559500333333333,0.28473456279376,0.466803045503228
0.1784005,0.0898907921465647,0.117385369294268
0.173350333333333,0.211613188851781,0.18620736117989
0.0539005,0.107869520706239,0.0971967734622909
0.0914003333333333,0.098959725031197,0.0948071493807162
0.3430005,0.129334647339039,0.137443127866015
0.1445005,0.141100769008752,0.135242416781238
0.0345005,0.0740097054595094,0.0692245537463967
0.1870005,0.122361669792346,0.179430748179777
0.115150333333333,0.168845630081291,0.110926215540656
0.0677003333333333,0.135822356297668,0.103480674591386
0.0795503333333333,0.155418691791704,0.124833272727049
0.0778003333333333,0.137363425813818,0.142129123727868
0.123850333333333,0.155736026040467,0.182053081216799
0.0363005,0.0522674678274564,0.0743047904989555
0.1834005,0.0992785062505551,0.0927482730527622
0.138900333333333,0.191127465011814,0.18469004437749
0.1792005,0.231036057398817,0.189396447907001
0.0896005,0.160460438312304,0.110798406294474
0.133800333333333,0.149947103415991,0.204201936394937
0.4660005,0.162337137730341,0.186852887946721
0.1405005,0.211845207232971,0.21295419361764
0.0568005,0.0540143819665663,0.0886379248601456
0.115750333333333,0.203134416208138,0.195668813304614
0.179000333333333,0.18952033425025,0.208415209633963
0.2280005,0.237537218053887,0.185962457865427
0.145800333333333,0.16392167919244,0.194215009557285
0.1719005,0.29359809158056,0.22506384534448
0.1094005,0.1017612777788,0.126408860146824
0.142900333333333,0.11515276775183,0.0935753562522361
0.1030005,0.125881637423301,0.093166001842643
0.117100333333333,0.0646455308062997,0.068267061455007
0.127350333333333,0.219843425630817,0.20842362811007
0.0483005,0.118254308564314,0.189277408582292
0.170700333333333,0.199475214113244,0.214104044408439
0.0241005,0.0301161641996726,0.0411982950123415
0.2390005,0.369945290311435,0.295160407705346
0.120050333333333,0.154913444630027,0.183892934184733
0.0508005,0.0912720945901264,0.136776861080963
0.1862005,0.194356432927403,0.227850361266699
0.2490005,0.25641517459017,0.349311616969602
0.2340005,0.129383391184439,0.121857843932627
0.0404003333333333,0.0618568166080497,0.0700067023853333
0.129600333333333,0.228117704830546,0.151178571619143
0.221350333333333,0.19471822819942,0.212731196484683
0.0738005,0.105443616103633,0.0881399510346122
0.203100333333333,0.131167909097081,0.19206876988554
0.0885503333333333,0.0877063225778788,0.12599036411377
0.140100333333333,0.198757201626467,0.172522994868147
0.102750333333333,0.10567732255093,0.120453635009748
0.151600333333333,0.138966020323691,0.191768576846781
0.358550333333333,0.27468464054793,0.272233970344911
0.128050333333333,0.127713123327139,0.109524336211471
0.0964503333333333,0.16152775317132,0.127139063686441
0.1932005,0.190417471187428,0.157975791212312
0.1536005,0.224852712866652,0.192651288298529
0.2380005,0.204181026138673,0.182385136723961
0.184250333333333,0.151817604857796,0.161712908562556
0.129650333333333,0.196687162721448,0.168103696794987
0.2870005,0.223637316786603,0.155877989389225
0.125350333333333,0.133710539834073,0.133446437936418
0.0675005,0.123272491551539,0.153936833296938
0.0649005,0.0824352075080237,0.142799111578819
0.0513005,0.0650170273903113,0.0872080007355101
0.176950333333333,0.243181440277743,0.257111697961354
0.168700333333333,0.219331833709954,0.251262070430733
0.111900333333333,0.202262670848016,0.20208473212576
0.129150333333333,0.212101918344965,0.212474196348482
0.107450333333333,0.142332485251048,0.12288420061683
0.0377005,0.065020821348664,0.0996638099284885
0.3520005,0.238915048333048,0.248115378288064
0.0333003333333333,0.0347973783043756,0.0353466723249462
0.193150333333333,0.268075497199645,0.235876977329563
0.150400333333333,0.0964672470289591,0.0788562056679041
0.1481005,0.172515804771475,0.19898800666277
0.237000333333333,0.261802699882778,0.234388588383339
0.1035005,0.125962777426581,0.13236963859583
0.1404005,0.138078572865018,0.0714182254546131
0.227000333333333,0.338222476138408,0.284056680118144
0.0833005,0.143391577329602,0.105841348614477
0.184200333333333,0.226066482326408,0.189896238000029
0.2090005,0.129757212452795,0.138239871330943
0.105950333333333,0.279192507916366,0.29361219850043
0.220200333333333,0.0941335071325355,0.211660976095046
0.0815005,0.121278203645647,0.114839235481405
0.0383503333333333,0.0729079617221664,0.0636127557689787
0.195600333333333,0.197535512007729,0.214172849540098
0.249000333333333,0.2277053504992,0.377353511053249
0.0519503333333333,0.0989741350650273,0.113795667420061
0.1436005,0.0842471993978472,0.0931553856854996
0.211150333333333,0.345549114507703,0.381923495708091
0.101800333333333,0.105742866868876,0.110057514379414
0.1614005,0.197345214745409,0.188802783897558
0.1476005,0.0975641883815615,0.0863722521128099
0.165150333333333,0.233212197494397,0.211855423884771
0.0433503333333333,0.105681123328593,0.0922147141639831
0.0787003333333333,0.128797581230489,0.126125686113334
0.0711503333333333,0.0981769385979533,0.0869350912024562
0.0266003333333333,0.0420225253303742,0.0528388161902609
0.0719003333333333,0.0985217942133531,0.0605286344092248
0.1495005,0.156194459171738,0.177508975689413
0.1726005,0.0832598080871759,0.0910527043053096
0.1412005,0.07968716032595,0.0894652236141435
0.0624003333333333,0.0939053268754983,0.0917041817312755
0.119600333333333,0.150098124851452,0.13808168355597
0.117650333333333,0.27598432121103,0.224598414928398
0.0451005,0.0426435258793449,0.0534981423783899
0.105600333333333,0.107294189696076,0.0947414322972593
0.0882005,0.107936285291639,0.100971246760075
0.0601005,0.0795942710205497,0.0818285497015334
0.0837005,0.143205668221298,0.190360077211408
0.0488003333333333,0.105021779670445,0.120787299886356
0.142100333333333,0.218062005409332,0.119421347589582
0.0548503333333333,0.104041014312839,0.0871349553445197
0.0696503333333333,0.0990435026879119,0.099013233590717
0.2520005,0.14952433851228,0.178623554960803
0.0558003333333333,0.0876054979239814,0.074562693787687
0.0833005,0.126956558674086,0.11655948954927
0.110250333333333,0.148901398858974,0.128773217378794
0.0830003333333333,0.196623351725693,0.161112593825598
0.1873005,0.160798080767018,0.127700609230175
0.0444003333333333,0.0971380062146206,0.105165198973076
0.111150333333333,0.119927180747475,0.129494392925759
0.2412005,0.170198845976514,0.248221471918495
0.2410005,0.158631965694624,0.16296384014341
0.0986003333333333,0.142538551795468,0.141063155672549
0.0935003333333333,0.136741313928647,0.121063445513746
0.0520503333333333,0.0510556288653422,0.0653725966834176
0.0295003333333333,0.0331948856068173,0.03494501837895
0.223150333333333,0.218570130333934,0.193160464487861
0.1221005,0.0862360840544977,0.135890194609142
0.186900333333333,0.145484370610681,0.171416020055567
0.2840005,0.244139682138988,0.206445256348968
0.0983503333333334,0.130532909044394,0.129114621761368
0.0919005,0.154262914940888,0.155214002285779
0.0364503333333333,0.0846126441125431,0.0864012078020449
0.0368005,0.0705053671234467,0.113583511985909
0.110750333333333,0.163763429116107,0.124497800689708
0.0504003333333333,0.0795624379789122,0.0956414255438212
0.0751005,0.103867422130802,0.0682579461028534
0.0937005,0.158220865091017,0.131573956345386
0.102100333333333,0.169784384300426,0.141916617981069
0.154950333333333,0.164639793564833,0.158337480577522
0.0734503333333333,0.128822068664753,0.101837367856424
0.0920503333333333,0.166417456216194,0.180631416355649
0.212300333333333,0.209132974986159,0.215731806212642
0.1543005,0.150251231918986,0.158550550372352
0.0561503333333333,0.101059877028295,0.0739809991081991
0.0630503333333333,0.133281918084264,0.0791454961277617
0.2030005,0.231198872493037,0.237845943740672
0.0486003333333333,0.0630459514886365,0.072962307706128
0.0709005,0.118534659992292,0.135269681175244
0.0671003333333333,0.0927471112800246,0.11812535183201
0.0644003333333333,0.0578863390136755,0.0660045606693029
0.129750333333333,0.13420959133409,0.101620524486863
0.0780003333333333,0.128940927585883,0.103426089382263
0.0314503333333333,0.0427485583864841,0.0617169629471258
0.0924003333333333,0.113277797528035,0.113765382860012
0.229250333333333,0.150639660051407,0.210586019625916
0.0661003333333333,0.123342343962484,0.0887513954590489
0.0963003333333333,0.12048612221138,0.117977821017906
0.183250333333333,0.167878216671466,0.207395932716015
0.0811003333333333,0.128944841133174,0.118656958558632
0.143300333333333,0.130372220105678,0.177601871147842
0.148650333333333,0.153783927930235,0.114979386221357
0.0411503333333333,0.079389785673777,0.0639079096638902
0.132700333333333,0.0887851495944404,0.0960901343871631
0.1508005,0.0431824984779786,0.087318341371284
0.0325005,0.022441903005907,0.034051556068099
0.1924005,0.195434317702017,0.234884242331009
0.2200005,0.283608972386614,0.212951819874423
0.1180005,0.183727546751301,0.209139636704727
0.176850333333333,0.168307644046367,0.110960236483892
0.113400333333333,0.155376235068336,0.136197950278713
0.0247503333333333,0.0571220269158594,0.0478763911799571
0.0949003333333333,0.0862265810212317,0.0838997140231545
0.0986005,0.0785224798945282,0.110997227704129
0.2350005,0.173169150849303,0.240047450252055
0.1335005,0.122552909254296,0.163820729289609
0.7820005,0.104867608025035,0.225107173459356
0.170850333333333,0.233491569274034,0.237187132729659
0.173300333333333,0.196500529813644,0.203239446099758
0.171900333333333,0.237467353270109,0.243886717869937
0.0678005,0.118107189615183,0.122632041123212
0.1040005,0.1047547231566,0.0762193603617207
0.182900333333333,0.144431369766349,0.185021924065731
0.2169005,0.106924129278613,0.18469864317624
0.178050333333333,0.137788579409556,0.170906945309921
0.174900333333333,0.172436810355333,0.198917592019739
0.1301005,0.205336468836127,0.35515124144249
0.144750333333333,0.154432553787272,0.166018093019333
0.167800333333333,0.190700873264274,0.253428500246696
0.2860005,0.243313896300437,0.240798795996313
0.286650333333333,0.193025359435522,0.211852513322651
0.231500333333333,0.197786382330534,0.254967909757661
0.199550333333333,0.165408371897089,0.189331308918262
0.0443005,0.0459144817565103,0.0920763710883983
0.322700333333333,0.152596615919108,0.308074529540988
0.233050333333333,0.140594606353625,0.239737832032062
0.196700333333333,0.253202636853384,0.228639891120866
0.2210005,0.19473641606503,0.196529421318498
0.3625005,0.195905269003341,0.180133819536905
0.185150333333333,0.274731664027897,0.228107502708011
0.149500333333333,0.0936797856916589,0.151452757096044
0.0569503333333333,0.0400250142077879,0.0649091980921661
0.0322003333333333,0.018857305759841,0.0587337563097691
0.144750333333333,0.088179937366288,0.139614865743835
