Observed,PhysicsInverse,RandomForest
23.1000666666667,28.0377007318828,27.3776929264533
37.1000666666667,26.4433238030546,24.7113284196807
7.60005,13.350033230353,13.793299961911
13.1000666666667,11.6379137386707,12.1271519845438
18.40005,20.7082487148854,17.2375847938387
6.80005,3.83740528865891,1.43447380619504
9.60006666666666,6.66274314496447,7.79532440928137
18.4000666666667,18.7007060120283,17.3340285578527
33.5000666666667,17.9653137307735,19.3478866864205
2.50005,3.66459488226091,3.44085871092946
5e-05,3.2983269705357,2.78319787362964
6.90005,3.25490378700644,2.35662855703263
5.80006666666667,4.98978405516674,4.61758169395042
19.3000666666667,17.0496493131323,16.2121389720685
8.80006666666667,5.24646809528541,6.83735036647689
18.30005,20.0151870119246,18.4582827199214
4.80006666666667,31.2705189031481,26.4112760107346
4.80006666666667,3.15845271041911,4.63934159688827
28.5000666666667,29.8394124593093,28.8387570762825
8.20006666666667,3.24585607506163,3.53437210973563
31.1000666666667,27.0324476498209,23.854663374091
21.80005,19.3741521295515,17.9567368263418
21.0000666666667,18.4669096372241,16.7270828949875
15.5000666666667,16.9302616203345,14.1617944042176
3.40006666666667,1.86691430422328,0.101905179269677
11.9000666666667,15.8590250740095,16.0756173148366
5.20006666666667,2.52677689882469,2.98578838167515
9.80006666666667,4.47752401357049,4.62963687052421
26.00005,25.6281325609759,23.5519569020476
47.3000666666667,25.7404265203436,25.5842262461996
6.10006666666667,3.69569211011971,2.31352776103401
41.7000666666667,30.746022419253,31.2646944417394
11.90005,9.92566637496624,8.53414390201249
29.0000666666667,26.7764159279059,22.4085987389583
26.4000666666667,22.527352616688,22.3605331377312
39.8000666666667,30.2970625364549,30.6737429092569
26.1000666666667,25.7788836987096,26.364943741431
25.80005,21.8587655571995,20.1516616362134
23.6000666666667,24.1208373291824,22.3144865758071
21.7000666666667,19.6044296374969,19.4074382249746
4.50006666666667,6.35814909859897,6.85165171502527
60.8000666666667,38.0457797594712,34.3769976760487
21.9000666666667,26.821098761981,19.0551471311871
21.80005,23.0586280171701,20.1403939811083
4.10006666666667,3.31113666879913,3.71387714633961
7.70005,8.27772444189109,9.51384587196351
3.30006666666667,2.48335967515511,1.8445280314328
27.00005,23.6151038238162,22.0285209209722
34.3000666666667,26.7869326660401,21.7511498291966
2.10006666666667,7.50702832019828,7.83490770127619
6.66666666666667e-05,2.04275397821344,3.45786618066667
13.0000666666667,7.70216607303942,6.94918086927454
24.5000666666667,19.4479214909995,19.8583567477705
16.20005,8.58045256681693,9.59142472291741
16.4000666666667,16.7157063317918,14.7114818443798
4.00006666666667,5.59226776619999,5.8881871910137
6.50006666666667,16.243283843363,15.8523955700996
12.2000666666667,14.5986757852214,15.2565118148587
9.90006666666667,11.0479668685227,12.1805355514033
4.90006666666667,7.08761910020053,7.17669277074474
4.60005,3.14305030438621,1.93974164083795
13.5000666666667,13.0467864215524,11.4215782555716
23.8000666666667,24.6925684472151,21.5920642027712
18.90005,7.54426112736348,7.75005105049769
13.8000666666667,17.4914711235265,16.4360043137935
19.4000666666667,20.456358625028,20.9435682409255
16.6000666666667,23.9836407426648,23.6755048118796
3.50006666666667,3.61130646345818,3.09978916094731
32.4000666666667,30.589836498436,27.8728425982605
21.2000666666667,24.09980891272,27.1029496467873
14.2000666666667,14.6800451734928,14.2783240673093
10.0000666666667,15.8171188567588,12.8893693018482
39.8000666666667,26.9204358612,24.7501701285633
35.0000666666667,34.090120250401,34.1772159434412
29.8000666666667,33.630552806306,28.2906609560218
2.40005,2.43261503691929,3.5604248667507
17.1000666666667,17.5238370105012,14.5917208567667
22.4000666666667,22.6856262622927,20.0066874812794
8.60006666666666,10.4866401516856,9.727692941959
17.4000666666667,19.7133348953906,18.9129108850436
14.70005,16.6930698025183,16.7258163847533
12.9000666666667,20.0941762288215,17.8259406269627
22.20005,23.0385961735244,22.3634484205099
15.6000666666667,14.9398016451547,13.3854369361316
11.3000333333333,13.4658339823622,11.6691851576069
17.5000666666667,17.5951335294708,16.5239810778834
20.80005,13.3456224500382,13.7134243017597
11.7000666666667,18.3093060335973,16.0880012514547
12.4000666666667,10.357974009633,10.9883691051293
22.40005,29.2763204237835,27.373486517972
13.4000666666667,17.034628166835,13.4391590099181
10.4000666666667,17.0959209996578,13.4958224141919
12.1000666666667,14.3643937201751,13.8067411747159
16.5000666666667,12.3546220609609,13.4069294828617
21.7000666666667,27.2334058125407,26.2166382321094
12.50005,15.0454709838247,15.8419395352055
10.7000666666667,14.9265049067034,14.8380395731223
21.6000666666667,18.8745169300137,21.4491985179964
12.60005,14.7173595618709,13.9743137724947
15.0000666666667,9.64249779074924,10.4146043521202
2.70006666666667,3.82523186453772,2.83501373824434
7.20006666666667,13.5982899134344,12.7217711449859
11.1000666666667,17.7875385130753,14.5755490779042
2.20006666666667,4.17383294178897,5.44034718668341
22.4000666666667,30.5269628885513,25.2212660861704
19.2000666666667,22.8174239171344,24.0188073685931
8.10006666666666,13.0539761456831,12.4901040057504
3.70005,5.69830451565592,6.58166418878912
36.8000666666667,30.1707742971954,28.831094178178
29.5000666666667,25.1079691899183,28.0254722420962
20.5000666666667,16.2959365516392,16.4887691957886
13.9000666666667,18.0469048632442,16.8291005656771
16.2000666666667,21.5196850358945,22.0737482204813
2.90005,3.98284375906643,4.93311207983487
10.1000666666667,20.7162725102435,21.4090797272472
21.2000666666667,20.8928235701706,22.0050577626094
16.90005,13.2882785452885,12.3996615777241
10.5000666666667,14.5678368936892,15.1977370270134
13.7000666666667,12.4962614556337,11.993532876
13.1000666666667,19.3896167150318,18.4101524345138
13.90005,22.581053095926,18.5365015780467
32.8000666666667,24.3502816557592,24.1505749981199
13.5000666666667,25.0524329651722,19.2436637695758
17.0000666666667,20.6882272542049,18.05191438997
2.60006666666667,1.37072606014395,0.133286280841125
16.2000333333333,26.5502416528617,24.6634038368107
20.80005,18.5402741417065,17.7437820363417
16.9000666666667,22.9183925308248,22.2847994408311
6.80006666666667,10.1567193463904,9.37601477733807
6.30005,6.5850510903237,8.62993006410373
15.0000666666667,18.4086951197933,17.8777800217055
15.5000666666667,17.3942713726898,16.8272854764565
19.9000666666667,24.5221676332624,22.2140153290246
21.2000666666667,24.728231334929,22.8053399672907
7.10006666666667,12.7825248998138,13.6832757582702
14.0000666666667,15.4447622434264,16.5041056963502
18.4000666666667,27.1423238436077,29.7400732680657
13.10005,17.9353316039154,17.0392999696173
11.6000666666667,14.1094434211352,14.0862237296167
2.40005,3.7948534788137,3.992104319134
15.2000666666667,18.728728662104,17.7755456145652
10.3000666666667,21.2038648143979,20.3542838505123
14.9000666666667,25.8478370340716,20.7055315181621
12.6000666666667,13.8973753604464,12.8425999500776
15.5000666666667,13.6290394374722,13.4206045564019
11.2000666666667,18.8003701930668,17.9137735552296
16.7000666666667,20.8383533787296,20.776007308427
14.7000666666667,15.5178194734747,20.6957750235348
12.3000666666667,13.2900466696883,13.5959850340811
11.9000666666667,13.0743392865184,13.8731094138121
13.7000666666667,20.2229279690201,17.9992279799287
18.4000666666667,15.2318116761568,15.7604284571807
15.4000666666667,17.7799583666051,16.9101859541671
10.80005,18.5765321800161,12.561702187222
3.30006666666667,7.4975551408031,7.99853882625636
10.80005,14.5078746677715,12.696435586002
29.5000666666667,26.0705196470195,28.5185648382997
6.60006666666667,18.3469970655736,17.8524562677433
10.9000666666667,16.9510905540942,17.086717384438
11.1000666666667,13.206698965976,12.7704758060014
18.1000666666667,14.2499679167168,14.596231820121
6.20006666666667,9.82743807843632,5.59619211655163
18.2000666666667,16.7860222826698,14.8238623749001
14.9000666666667,17.8843637303529,16.2127878581232
8.50006666666667,14.5444863884017,14.950591210293
28.0000666666667,20.6655608746544,22.1930044336478
15.8000666666667,15.2471871193709,12.8563048766411
6.90006666666667,10.5706286872147,12.2567469775033
7.50006666666667,17.6116422780018,20.1716976490798
19.7000666666667,23.459205393793,23.007556792231
15.0000666666667,20.3730621518782,19.2784256140637
19.7000666666667,26.7731466817216,20.2155262116979
10.9000666666667,14.2208071753413,14.3578871851175
10.2000666666667,14.6567268678109,15.4608099411401
20.1000666666667,21.3663928554581,21.3603248386974
12.3000666666667,18.3540196502038,16.889428752762
7.80006666666667,4.42544449732682,4.83020496944483
25.2000666666667,28.4392395230011,24.2568650091172
17.2000666666667,18.32769836758,15.7602193090055
15.3000666666667,15.5017439435689,15.1974545720954
17.8000666666667,14.5764021874771,13.1687477334455
18.9000666666667,12.6505050169114,14.3883731098309
14.7000666666667,20.1715514504453,19.7194678905441
14.1000666666667,14.0894158709773,13.1205616674645
23.7000666666667,17.6339671477015,17.7003230318632
20.8000666666667,18.1864422212919,20.1190877905387
12.9000666666667,17.9517954352073,16.2484617636895
13.2000666666667,25.5836101293534,24.0471908411267
16.4000666666667,12.9979670251281,12.5597714791957
9.20006666666667,5.11312089903238,7.88582587685242
15.1000666666667,17.5159014290095,17.248473462596
7.30006666666667,12.1950210314281,11.4908212071014
11.30005,24.5787671813727,24.3723664725771
21.9000666666667,20.5577333601762,20.5040513054989
20.3000666666667,24.3403106290491,22.4718717389068
22.6000666666667,19.9720522104007,19.0368958156456
28.3000666666667,27.1999901352613,21.2309317766884
22.2000666666667,22.0215936487146,24.0467831249763
17.30005,13.5476119746226,13.0522887110391
8.30006666666667,11.9118837310161,11.5977083874014
13.0000666666667,14.9798471633107,15.626513848478
21.60005,31.8669232238776,22.9989943869646
13.4000666666667,20.4651298057459,18.5947207287954
22.9000666666667,21.5962571523287,19.8154012955491
25.0000666666667,21.3569563798807,20.3267346426722
14.4000666666667,14.8926871680294,13.8304123883398
14.7000666666667,13.9158795013831,13.0986160621365
7.00006666666667,7.40279117280427,5.00115074660447
10.7000666666667,12.7737517506848,12.4381727057705
15.6000666666667,8.49030768467994,11.0912401490171
17.0000666666667,19.217789820724,16.7903200354888
17.7000666666667,19.0873342640408,18.4421816551538
12.6000666666667,15.3172986472504,15.1503407752668
9.20006666666667,7.03793515447077,3.42968921169722
22.2000666666667,22.474769066891,23.4417100663445
18.7000666666667,26.3525970065597,24.345315085999
17.9000666666667,16.1269980831546,16.0044930823689
21.5000666666667,14.8080672774602,19.2826123206088
16.9000666666667,18.9016608674778,19.6649484297109
10.3000666666667,15.4250067634945,14.4531424381471
20.0000666666667,18.5336486563709,16.3943247880515
18.6000666666667,15.6083183164233,16.4815396891255
23.1000666666667,16.6071739173959,19.8842660967943
20.80005,17.7844152836506,17.5732998569938
16.4000666666667,14.6256345321341,13.8627710128446
8.90006666666667,15.6704659488326,11.9992555031464
16.50005,17.4414776458318,17.9183374369717
13.0000666666667,14.3971748019022,15.680786991862
26.1000666666667,20.6083244809226,23.2861663776467
9.20006666666667,14.6891233200366,13.2498422069964
16.20005,15.6731828961035,15.3728715890172
22.4000666666667,22.7543682465286,23.4723346554294
3.00006666666667,16.9882993582885,12.7799000877322
5.80006666666667,8.2845208781137,5.65133462600314
21.4000666666667,15.7577219871125,16.8646295679558
21.1000666666667,17.0844253821315,15.6798177006127
15.9000666666667,18.3759030460625,16.8958561993502
14.6000666666667,17.2857827706241,17.9139209522696
25.2000666666667,19.9043769431088,20.6713822567538
36.9000666666667,29.0241097831135,29.0615523428002
17.7000666666667,15.7812234604427,12.9673183316774
12.4000666666667,12.1347843476145,12.8951805654782
5.60005,2.23407117063477,3.69756110562792
14.1000666666667,12.5098101449912,12.2574908894445
9.20005,11.7606514312589,11.2688205045726
12.40005,12.129402817555,14.2147605644133
24.5000666666667,19.4425994799969,17.901246260219
34.40005,21.1219243890347,21.6129482763068
22.10005,15.9158209628331,15.507183457558
17.70005,11.9797696788538,13.7737890544812
11.8000666666667,11.336287897671,11.0935829235485
12.40005,16.0502744642879,14.934816257296
10.3000666666667,14.2009848815716,13.0011184777157
17.5000666666667,17.4424664432369,16.4055661243782
25.5000666666667,20.1810808106406,20.2126616029909
28.7000666666667,15.5240824106829,17.3776286767295
18.5000666666667,18.7454182364644,17.2324645311198
21.9000666666667,14.2983276241537,15.8468109099918
29.9000666666667,23.1664352620645,15.6662425638579
14.7000666666667,14.6284573953866,20.997539960746
15.0000666666667,22.0725361552164,21.7062113621564
15.8000666666667,19.289070089539,17.9850651632074
12.1000666666667,12.6756134039678,12.5410335126407
11.6000666666667,13.9320608028546,13.080328544129
21.4000666666667,20.1989920928185,17.0873451844254
19.9000666666667,25.1457275516726,22.527983444705
17.1000666666667,16.1831688381208,16.3646169894984
27.1000666666667,25.1369132087099,25.6755358222188
26.00005,25.7192639511381,24.3302710995302
18.2000666666667,17.8286665257178,17.6136721691421
21.1000666666667,21.6656018713139,16.7622007226115
20.60005,16.7667035577136,15.0879463641662
12.9000666666667,14.1652591146032,14.6667492337124
16.9000666666667,19.7314903716151,18.5664640876475
6.10006666666667,10.429239862566,11.9749295306497
12.1000666666667,14.2168367610062,12.8779651544222
9.60005,9.41261619145738,9.2342033071355
18.1000666666667,18.7662879572826,17.6195708707896
11.60005,13.0921556108141,11.5909854960165
23.3000666666667,25.0703314919742,22.8222842086362
14.5000666666667,14.227968406141,13.7061327111207
12.2000666666667,12.6516502617057,13.2193708652281
16.7000666666667,16.5675775544199,15.6618025893213
19.7000666666667,17.8448908110981,16.8207308992029
13.8000666666667,15.8614773126088,16.953435797642
17.1000666666667,14.9313724764838,12.9911202571417
11.4000666666667,15.7298270303337,15.3737790789805
21.6000666666667,21.0218819263107,21.1464725388216
7.70006666666667,15.0223100127652,12.3762961392283
22.00005,24.6646576297714,20.6994667108491
28.8000666666667,21.9405287032218,20.4681994182004
17.8000666666667,17.8624131057624,16.7948111146635
21.7000666666667,20.6875668350656,22.4867232376064
17.1000666666667,16.1500380544439,14.997597786119
15.5000666666667,14.5736954715506,16.4709597234224
20.2000666666667,22.1107840534118,20.5351992394563
9.50006666666667,13.3477663469819,12.0713387748613
15.8000666666667,17.775016978098,17.3791296854132
18.2000666666667,20.1917163225167,23.701996527064
14.20005,13.3734287270698,14.6156928484896
15.8000666666667,15.8889351669162,14.9321358263425
35.0000666666667,25.6714885662425,28.089671737444
22.4000666666667,27.3529109403149,22.7328901603028
17.0000666666667,15.5325019584508,14.9498909285164
8.90006666666667,12.3497617344897,12.3526520609607
10.7000666666667,11.4272360458909,11.163171147537
12.6000666666667,16.8028363963952,14.7912814395621
9.20006666666667,13.0237143686077,13.9486919271376
8.80006666666667,9.80793443488999,10.4682952234512
19.2000666666667,16.4628708998196,15.3226896726164
14.4000666666667,16.4192922634893,14.2561555955103
11.9000666666667,13.5064934057314,14.3622097176096
4.90005,5.99190265093062,6.54140363343251
12.60005,12.7055070658678,14.5079897327567
5.60006666666667,7.40453258108579,8.42995975700684
16.9000666666667,15.7304884199353,18.5766812783827
9.70005,16.8057532036387,15.1229183037395
8.70006666666667,8.66544817772868,10.515132451494
17.3000666666667,17.0862158695759,16.5684753918102
11.8000666666667,17.0975093019786,18.8485179499376
10.2000666666667,12.6440431192131,14.0527467340432
18.0000666666667,20.9878928502822,20.6223027484157
11.10005,13.6597055478387,11.8041933931935
11.6000666666667,13.3767788512961,11.5170340704819
17.8000666666667,17.8211444937812,19.3195889777717
18.60005,22.1806302238102,24.0324043350067
14.4000666666667,16.5731005516271,17.9632279641575
13.4000666666667,18.1968020049748,15.378503425414
12.60005,17.602960758486,18.1120525517086
7.60006666666667,14.3520533684719,12.1354554843671
14.6000666666667,23.2436779944709,23.1956194238247
12.2000666666667,13.7795208498263,14.0505109818999
12.2000666666667,11.6847158992503,9.73701966832681
12.4000666666667,16.1190201294326,15.01239283922
21.3000666666667,29.8721410730972,22.7588503381373
7.80005,9.51350238570855,12.1946922635258
20.2000666666667,17.4181686340338,17.0568198077484
13.7000666666667,14.1928838017722,15.1897155631114
5.50005,6.19735854088558,6.9739768579968
12.6000666666667,20.6663546339969,19.1479667292515
16.9000666666667,15.5866250025345,18.1029875254803
7.10006666666667,7.34839295431242,9.330796281352
14.1000666666667,20.5680771014714,17.5103981373402
10.1000666666667,16.0507173300843,14.9886437941701
12.7000666666667,18.3462006079055,16.9662614683027
11.60005,16.928965114156,17.1703827870617
13.5000666666667,16.0159576053393,14.7212371968403
15.8000666666667,17.9963781946357,17.2083650013972
12.1000666666667,16.3016831934848,15.0752173396262
11.8000666666667,17.2464836111181,12.836017355671
16.6000666666667,20.2135275705252,18.4086782781294
18.4000666666667,28.0922259324267,24.3591622654692
11.4000666666667,20.2269703724451,17.7482507975302
17.1000666666667,20.3024401300194,24.1524533797793
22.4000666666667,25.8000545041384,23.0372622586376
28.2000666666667,23.465064715204,23.5783647172113
3.60005,1.41365971297727,1.43188703166904
13.0000666666667,18.2406088776634,19.5147358834601
12.4000666666667,17.5401624510036,15.7619887580901
8.30005,11.7863804725266,10.8289195827154
13.9000666666667,13.757763018525,13.0389640205268
13.1000666666667,13.7884003219638,14.930852728564
9.40005,12.661159410342,11.7110058434001
16.4000666666667,14.8308105910998,13.8027630424444
9.90006666666667,10.1336826720366,15.5266864307775
4.50006666666667,4.66280645214012,6.34734718779489
9.20006666666667,9.09698546177107,13.8288401484707
16.0000666666667,17.1045226971154,17.6736524939956
4.10005,4.27036712475971,6.10863915115965
12.00005,10.4925518442463,11.6743248498767
20.30005,15.2380385326668,16.2284873896765
14.2000666666667,13.233334876117,12.4151789141986
14.20005,26.559661304101,18.7197496074803
23.2000666666667,13.5418061867949,14.9798083754915
13.9000666666667,16.2024745674569,15.2472998593873
17.4000666666667,17.2761185978915,18.0061139256254
5.50006666666667,5.56286993611511,6.93516044664665
13.00005,12.112237469504,8.98678927616691
10.4000666666667,16.3182154221678,15.6271792071783
16.5000666666667,17.2851122017586,19.2588806233929
10.3000666666667,17.9400575827725,17.4549277754543
26.2000666666667,26.6164870648841,27.481735617307
20.30005,19.7426936429307,19.0301867743677
7.90006666666667,9.19758387199853,8.33763181108034
10.1000666666667,10.0336834879829,12.3609110457296
6.66666666666667e-05,9.43494250124549,9.27126105400523
10.20005,15.1840356521216,18.2038293834074
11.6000666666667,16.6055297406774,15.4104543440978
12.7000666666667,18.3617118272015,18.0922544800691
22.2000666666667,33.6290673199331,31.9789971006448
11.20005,14.9571979136645,14.7808096912076
10.4000666666667,12.5248289707714,12.4454742206805
19.60005,24.5222366548737,18.3164353962751
6.70006666666667,8.08853026077503,3.89036869095681
10.0000666666667,6.4802835597471,13.9762558551879
14.1000666666667,20.2544029678224,20.6730314770951
13.0000666666667,13.1155587382899,13.6881211674544
26.2000666666667,34.1096139363441,31.1603069434109
25.80005,11.849408904404,13.5013431121641
8.80005,8.15871564271639,8.99918481116948
14.4000666666667,17.1324362784263,17.4332427754222
32.1000666666667,20.0641007674939,21.4602188034541
31.20005,25.8177956046442,25.9881081540497
7.50006666666667,11.074101835543,13.1457106508287
5.30006666666667,7.78177017775319,8.73078359499548
14.3000666666667,14.8239213413064,14.6491986287801
33.7000666666667,24.8428206631811,28.2620731066038
30.00005,24.6200854411711,26.1082204138153
8.80006666666667,13.258222118748,13.5865288410369
12.5000666666667,12.6057715308264,13.6836857099532
26.0000666666667,21.3130714069561,20.1567964534535
23.30005,14.9150078101812,15.2336888976796
25.10005,26.1471042615673,28.4632519441002
8.90006666666667,15.0231925163166,13.9950418712406
6.80005,8.0956037268717,10.1638232960365
5.00005,6.20460559286964,7.96722531763543
8.30005,7.5201949207218,7.27988901018983
38.00005,19.6857849856039,30.5139663970586
23.00005,23.141590404374,24.2539584379079
10.50005,14.1004450892919,14.3041708292575
30.8000666666667,19.2009026207364,24.0363907316709
8.20005,7.72404044951585,4.14133933067637
9.60003333333333,8.63636586753947,9.11541985639056
10.30005,11.0186545023133,10.2366115729567
17.6000666666667,15.7307177194798,15.0911626334074
5.50005,6.09693247467953,7.36371195378152
9.10006666666666,14.0917510967677,13.5385594778225
15.40005,15.3524773384137,13.0405843186351
12.70005,20.827744618345,6.82616804280599
15.6000666666667,14.5097528449158,16.28474934187
14.9000666666667,16.464483701644,14.6716284417901
16.5000666666667,20.8234548775389,23.5356407465416
3.90006666666667,7.76359458746626,9.365638543937
21.9000666666667,17.6660298154708,16.5878044598387
26.6000666666667,29.0781354591421,21.8912124308322
25.40005,27.2132551623359,23.8412760568086
22.2000666666667,18.3090010679796,15.3863948731082
24.50005,17.3075843033027,19.0823167662098
7.30005,9.26395608505954,9.49179714711362
37.2000666666667,33.5813880337149,28.8973384038105
15.80005,17.0282608171325,15.1460691462914
3.80006666666667,8.11229871145949,7.95513861471337
18.3000666666667,20.2301208174308,21.6843251171463
23.5000666666667,20.2131445522777,20.3356701778661
7.00006666666667,8.66499904529123,9.54051963862958
9.20005,11.1442278471122,10.5375635303786
13.5000666666667,14.3059798984989,15.4844723617324
3.90006666666667,3.67745537765737,5.82073617533391
52.5000666666667,41.1068014711766,36.794155203759
26.8000666666667,22.8035180606336,20.6266726145157
9.10005,6.75457240542726,7.50250844655074
26.20005,20.303559829711,20.4325010582002
8.40006666666667,13.8004203485804,11.3470685266117
5.20006666666667,8.09661470699238,5.22382592885676
8.80005,9.88138272070607,9.78373481118992
7.70006666666667,7.78464458959311,7.77976647308673
8.80005,8.25706753174336,8.76757296993774
7.90005,9.98552753080946,9.23019933053996
13.10005,9.20558158414548,10.5662094906399
25.10005,17.0906357658977,17.9674939814319
6.60006666666667,7.35764930425913,7.76860905092796
35.90005,44.1288996088809,37.4014108142568
33.00005,29.1228830487014,31.0436080929302
11.2000666666667,7.43592126565435,8.76271702726545
8.00005,5.76724710619625,8.44077387125514
18.9000666666667,15.2202460807851,15.126765421128
30.8000666666667,29.6136180298801,24.7893903578461
35.80005,26.6430133285874,25.7568995444915
14.20005,8.00377990577561,9.37091624186892
18.50005,10.1007895876472,9.37408093448639
21.0000666666667,25.2326355290948,26.6140492685326
11.0000666666667,18.0754685393764,15.454289531838
9.80005,7.65182904052981,9.46931729958411
5.40005,0.778685308742163,1.53888559311534
3.00006666666667,3.9500826454194,5.92496194161618
10.20005,9.62302212409371,10.341404755005
28.4000666666667,24.2946447806754,20.6545447640547
32.2000666666667,28.6514327933504,28.8543205365934
24.7000666666667,25.9577981210469,27.1813538134416
18.50005,14.2622484467039,12.6424645681136
10.80005,7.51860027598006,9.62569736604155
9.10005,5.4884438805118,6.93251226219249
22.3000666666667,20.6584261303348,19.4590941129445
13.7000666666667,16.7568119875415,13.9452454618656
36.4000666666667,24.6011562803016,26.4293838749796
8.20005,16.9594863887694,15.939697364542
5.40006666666667,4.39796566177424,2.79060687568621
12.1000666666667,15.3280443835668,15.4315663976315
30.8000666666667,17.6607803087538,20.3280532746352
13.60005,17.4394817531137,11.188687743223
11.90005,6.36695814206916,7.14954607837643
25.00005,18.5575876284845,20.1657086116064
14.8000666666667,14.7372452304694,14.2054768496458
20.0000666666667,26.1354929504222,25.271636778072
29.1000666666667,20.4248400767503,21.1275122262936
21.8000666666667,19.9676337365131,20.5296566424249
14.30005,15.2682153964561,15.6605444503532
11.10005,9.96733160198285,10.0417028167658
14.20005,15.1713035945256,16.9186254732025
10.00005,11.7763736548908,10.6165472326498
19.7000666666667,22.9331165567814,23.5365762656792
12.1000666666667,16.7927916746369,16.2614338822617
13.8000666666667,20.0843924559719,19.4660366624417
28.10005,23.62559998014,20.7438979204491
14.00005,15.1386322153386,16.3340479019426
9.80005,8.50806226772752,8.66071520332022
18.0000666666667,17.9399353415132,20.3112873600083
20.20005,25.2228367358351,24.2646643204303
4.90005,6.1843960087562,7.78745619985312
9.60005,8.24087045034789,9.26720753815139
11.3000666666667,8.22140111942362,11.0188192488732
19.9000666666667,26.9160730927485,24.4652922250327
27.10005,23.9780369228588,23.8349064898825
13.1000666666667,17.2009634306449,16.2000726358174
40.60005,37.7342305484576,38.0912361299039
13.40005,11.3260213070259,9.63943738659983
26.30005,22.5880307040606,23.0155098221172
7.80005,6.72888018925955,6.90229231034339
32.6000666666667,32.339931698892,33.0015070545411
15.6000666666667,23.4694078500614,20.1634492847196
36.30005,21.8767855617499,26.2263999641663
36.90005,34.4553639676098,33.553945385603
11.70005,10.6948250178111,11.3677442634086
13.4000666666667,12.1580466948256,12.9144193372494
6.40005,5.42988411319136,7.83919070144446
6.90005,5.52938977667216,4.9682115775924
19.40005,19.3317475751027,13.7030905363752
14.3000666666667,19.8783926056096,21.4252997797499
8.00005,7.74646747502923,9.43964430960371
19.6000666666667,18.5280016926154,18.5981400712886
27.50005,28.0664262826599,28.3132802181976
21.50005,22.2189419005017,22.4492711263863
10.00005,7.23945695413124,8.3928471237928
23.50005,19.9033322303173,26.455147773059
16.90005,14.8866657506655,10.5574590551014
19.9000666666667,22.6368191070808,22.6724126658345
9.40006666666667,6.26373558679065,6.88396323994846
10.9000666666667,14.8775625625632,14.1704680926816
6.10006666666667,9.50083621768348,7.35489477029635
13.50005,10.1225751475497,8.37039470077109
24.1000666666667,28.5602119374735,28.2692123647433
13.3000333333333,11.3754080715399,11.2905046052161
5.00005,6.34284038285015,8.90190869259271
17.7000666666667,16.2682650429221,18.5463748765838
11.90005,6.97741817149971,7.49064636557149
6.90005,5.18094386848216,7.59872960826439
4.30006666666667,3.5234619824981,5.85544630711087
24.6000666666667,19.8076774151876,20.2977348738827
15.9000666666667,19.1554146886979,17.1442418185608
5.30005,16.181674013255,16.3489573574952
21.10005,22.1631048619073,22.9863694086831
19.0000666666667,17.8465713387065,16.0528604154392
26.4000666666667,18.3833019185124,18.5786017191408
22.30005,19.4109129945664,19.8983872511094
25.40005,21.9204818425931,19.7847469078479
27.40005,27.095079555182,25.5188001519009
19.6000666666667,21.0999517157186,21.7227070802238
9.80006666666667,7.39372501251383,6.99242737034655
9.00005,8.62590278879106,10.141900930019
19.20005,12.200843489647,12.990667455774
9.70005,8.16701074109146,9.15022237951815
38.9000666666667,34.5946320130501,36.7965475710522
28.3000666666667,25.6323792926437,24.7274147227868
6.10006666666667,6.80577998861808,8.02773366137714
14.00005,10.3096444024468,11.620773004923
16.1000666666667,27.0187650127851,26.9892738214233
14.00005,16.5811372950764,17.2006137957121
12.80005,20.749982094594,18.9457236902678
10.4000666666667,10.4564794867282,9.23321266614055
11.1000666666667,8.88040117403035,8.53841748274698
24.30005,25.8162787581078,23.8747722280355
11.4000666666667,11.7034960551133,12.5334078547483
10.4000666666667,10.2191836672586,9.49739701588236
27.70005,24.9600961792755,29.906597105588
16.80005,17.0669027504218,17.1098499798186
11.80005,12.7259195122977,11.4264615710459
19.1000666666667,17.6096143446907,16.9953126684242
18.10005,22.9962282016464,22.1173016283267
4.20006666666667,5.06394024784574,5.78511816011201
16.40005,17.9226088008923,16.379061036683
17.0000666666667,17.0983580992158,15.6754363209492
27.20005,25.2259243182202,28.1373448442623
10.5000666666667,11.668560688015,11.382819850538
27.40005,27.5644271325057,27.8738079134785
16.90005,14.795333217116,14.6364864514692
30.40005,32.7143891066309,31.0398334827442
9.00005,8.89335796279902,10.4325882494999
8.80006666666667,2.60891418031426,4.04637314219492
29.60005,24.5318815221274,26.0432189086713
5.00005,7.06679974141039,9.0239087789621
12.90005,9.10501739337769,7.98730262177153
10.10005,7.60665382858952,8.89229507935692
17.5000666666667,20.214117042527,17.8052782783132
5.90005,6.60752220619869,7.5618507091807
7.20005,8.48516731652495,9.97527400353858
9.20006666666667,5.47726200693216,5.35669140190869
13.9000666666667,17.6261904140809,16.1285288441924
10.00005,8.48566874393332,9.06344731016502
13.00005,10.2326492290203,11.3344720126228
15.4000666666667,12.7776006756879,10.6054833759278
19.6000666666667,18.686533563813,17.5251083599458
22.5000666666667,17.6690319029114,20.8255886838999
10.90005,14.4218478782942,14.2378495701654
8.00005,12.3562231628063,13.7943596361228
32.20005,27.1291810665199,24.5938417949314
10.40005,9.78491139822324,9.06535449730535
12.60005,17.887605762704,15.8238222069776
11.30005,9.13512426951777,8.20259916286754
29.3000666666667,24.485006426352,25.0440586961865
12.30005,13.9133057110211,9.24112864227388
10.80005,8.04287632104109,8.51947925216269
10.00005,15.369985128947,12.3846066337269
6.90005,7.35168984505116,8.28172036192461
9.50005,10.8758624760028,13.3656080543337
28.6000666666667,23.794482083843,30.177485302129
9.70005,11.3185710429121,9.3111139823047
10.1000666666667,12.333300770477,13.2617788591197
8.50006666666667,5.9880376883155,7.22897489519728
17.7000666666667,18.3168313429287,18.1191356779147
27.5000666666667,30.2016409446866,27.4739920376974
9.40006666666667,10.4512626781155,10.4714024662397
8.60005,8.68838225567465,8.484371030356
25.7000666666667,22.8455975920807,24.2184895930691
15.3000666666667,17.2523043226291,15.667039090857
17.5000666666667,17.6140894900022,17.8734885154135
28.20005,24.5517145715515,28.3588628721875
38.2000666666667,31.5932611375082,31.6524294489239
15.3000666666667,15.7232151844189,13.5971175497385
15.4000666666667,26.1870693389325,29.1305416499153
28.3000666666667,24.9950679128315,24.7357600649576
18.60005,18.8725866699474,18.3845229571807
18.7000666666667,21.2630840868151,24.3337289149252
24.8000666666667,29.7864748224545,27.2568509662053
11.1000666666667,3.93592872360702,3.77048394489511
14.4000666666667,16.2155025329938,16.3332930617088
9.40005,9.52845401018737,11.0178038980137
14.70005,16.3962256569061,13.9969917933674
27.10005,23.5211795239575,23.0345102875466
14.3000666666667,16.8008781418979,16.6530648190725
13.50005,17.13903908696,16.4253061698585
12.2000666666667,11.5697489727069,12.4941601349869
11.70005,15.40308466641,14.1282438735825
5.90005,3.41861006807201,2.85452838920384
26.9000666666667,27.5644478603314,27.4342006400783
44.4000666666667,32.6164575717412,33.5027650760149
13.5000666666667,16.3442152191923,16.0051219179903
12.4000666666667,11.1625031370733,11.7305205945759
36.7000666666667,30.995069479856,28.2731739517823
11.00005,8.49794794291136,11.2232262859588
13.20005,10.4923360246228,10.8511136004692
6.30006666666667,5.2830120749153,6.52270309380701
11.00005,7.24844314289044,9.33705884108664
15.7000666666667,13.1578337711255,13.937396217977
13.2000666666667,12.3674243835762,11.2360217269189
21.0000666666667,21.1896859574783,19.6126236377098
19.1000666666667,17.8880820859325,16.7154363187337
16.5000666666667,16.3979973306491,15.3844055400089
7.90006666666667,12.1742150641334,13.1329870815722
13.70005,15.4633756877438,17.0108313021596
26.0000666666667,22.584558305738,26.5130223689764
7.20005,8.43695126599722,9.08198077345907
22.20005,20.82511609664,21.4114325708468
18.60005,19.5834529383597,18.4333484190571
8.10006666666666,7.32874082951208,9.54081051945225
19.1000666666667,19.3166967268578,17.7339014389674
20.2000666666667,21.6810774358798,21.9445152661865
15.10005,18.5000963245653,20.2995738358487
16.40005,20.8660515997571,19.3252745879986
13.70005,14.4174359325256,14.7078832143694
15.50005,18.6643031695732,17.3020464342006
21.30005,19.6059949451849,20.8217728048258
24.10005,25.4608207675128,27.6179490875235
10.50005,6.90461857235123,8.72176289356257
27.5000666666667,27.9357686926474,26.177890257684
14.00005,23.1126842378017,20.239061121048
24.80005,15.5958837008063,14.1735527037852
10.10005,8.51360315714895,5.86349491683961
27.9000666666667,25.2359820096417,30.1563463465221
18.3000666666667,18.3763244900834,17.0617220372956
18.80005,22.1008249766232,22.7419022768834
7.70006666666667,10.520055324494,10.7019260166094
14.5000666666667,18.7481828431793,17.6480777476194
20.6000666666667,18.0277848675168,15.8123203347601
12.60005,20.3345448898741,18.1713392111724
18.00005,23.7146586264738,20.647782100855
11.7000666666667,12.6853253822955,12.0491959948647
15.20005,20.1895518096418,20.6502252789608
17.70005,19.2402129402238,18.800855677542
15.1000666666667,19.8506570851735,17.3154665832328
19.5000666666667,18.9825607248124,18.2744070075649
29.6000666666667,18.1116694756895,17.5393625907216
5.50006666666667,7.05583184095736,8.91812518602484
12.8000666666667,12.0600589152306,10.9448211676532
16.0000666666667,18.79370364788,16.8563645171798
18.40005,19.0607645773757,23.4107989628274
18.2000666666667,19.7915317633708,19.6484536716844
14.10005,15.9519474163148,14.7544685330828
18.0000666666667,22.1437275859445,19.8655726742972
21.50005,20.9873338382535,19.3511130820276
17.10005,18.7428252271095,19.802349236858
10.3000666666667,6.36751442783665,7.66580053551296
12.3000666666667,16.0265942667177,13.1642030923257
16.7000666666667,18.6398424745473,19.1885189769083
17.60005,20.2899856403011,18.8097492472056
21.0000666666667,19.0799323948129,17.5889584777173
11.60005,13.6605752642979,13.7705553149624
7.30006666666667,5.7268627210496,6.44154266902118
21.80005,22.822744590369,24.2883139584935
15.90005,17.5693789582109,19.6031356828941
18.6000666666667,20.6512082526021,18.4648108616348
10.70005,14.4912906852158,8.48157769311484
3.80006666666667,5.12844657818241,6.43378144626333
7.50006666666667,7.6778275624031,6.92674143177303
5.60006666666667,7.02219849627504,9.51705636529726
36.3000666666667,19.4994726076234,25.3853927431255
20.8000666666667,18.8765132950656,19.2751606229869
14.7000666666667,23.9190070444381,20.0971279058148
10.0000666666667,8.0503584008456,7.53003347984113
16.40005,16.7460453714126,13.534008495777
7.90006666666667,7.78318500008366,7.16584594639954
22.10005,22.2315094170649,21.3878188288412
6.90005,6.37420894792641,6.49135652683657
30.00005,22.1523779061662,21.8092007115811
5.90006666666667,7.34299193018188,7.85476256089406
11.7000666666667,14.313163233829,14.5095826095913
29.90005,23.7951945949556,22.6383815423741
7.40006666666667,5.78011076529719,7.14171709843058
19.60005,19.9015501575717,19.7210077027192
8.60006666666666,7.22187604501605,7.47076913585824
30.00005,28.4613425121737,28.3593617928466
8.40006666666667,10.8380936987481,10.6755555742626
21.80005,20.9959656936278,19.6254488779255
7.10006666666667,5.87379266557395,7.97345034596383
10.8000666666667,9.87427970904909,7.56512130504531
22.90005,21.5338548781379,20.786401416961
27.2000666666667,25.4683282454249,28.8385788411002
11.40005,14.637444167917,14.2757615396046
8.90006666666667,10.326540411587,6.06814021886076
8.70006666666667,7.15593941650584,6.44667087695593
31.4000666666667,28.5741666956833,26.5575961907023
27.9000666666667,23.0196935703144,28.406744465608
13.7000666666667,7.90145727283657,9.35968485072258
11.30005,14.2629621694872,12.2544191323165
32.20005,24.6811729310366,27.0876194003686
28.0000666666667,20.6624261834986,22.3124352389156
34.7000666666667,22.5344445294329,23.3393050317053
25.6000666666667,19.0655794700679,22.0652629266822
45.40005,36.8195672092945,24.8790377384116
29.1000666666667,36.4682244275138,34.6892016579394
24.5000666666667,24.5300269647402,25.1805450150334
7.20005,8.59735110383581,6.37481272636539
19.0000666666667,23.4888820517594,20.5646699860622
27.70005,26.4507802575101,23.4073543496556
65.1000666666667,30.380558193778,31.3049927399404
22.3000666666667,26.1486220472844,23.3491375117617
25.4000666666667,23.3702625770946,28.487409771905
9.10006666666666,11.9641422346304,8.28561703552254
15.3000666666667,17.8651798720553,22.039783694795
34.4000666666667,26.2902741493025,30.7051476255777
26.2000666666667,20.6580870935011,21.8189110141315
30.2000666666667,31.3117377515877,30.0028837310673
20.7000666666667,26.8813519458751,26.7168203107676
47.90005,29.5634236448617,36.0012111547398
27.10005,25.7899322466487,23.7188773046505
22.3000666666667,25.5204663064502,24.8068375189629
5.50005,6.94455087287492,7.63027845358993
3.60006666666667,5.78829110856897,6.62205529747759
23.4000666666667,29.0989049843702,30.8403200547232
23.2000666666667,26.280585295995,27.4296328637432
31.0000666666667,27.5604791689967,27.8768501911083
11.6000666666667,11.7841803505428,12.754856279884
18.7000666666667,16.1363222088065,15.5250224403935
13.90005,17.0955825112961,18.8254281173964
33.0000666666667,25.2407560199868,23.3559069391764
10.8000666666667,10.9397287007097,10.677157266921
16.5000666666667,18.120310497489,19.3856439017145
23.7000666666667,32.5589663868238,29.9848415398557
27.8000666666667,27.5375922220168,23.3797444624565
24.70005,23.307858101113,20.1647555407643
30.1000666666667,25.9190165326337,27.369748266581
10.20005,11.6621865602115,9.88216820110383
12.5000666666667,9.59609288113097,10.3846788509366
16.7000666666667,31.4568978322134,32.2538993951814
3.30005,1.87864852182526,0.797770615193442
11.80005,12.5366153169303,15.7932755711751
3.30005,1.54181810888877,3.6938485043685
9.30005,11.4547179803257,9.63591690511384
10.00005,9.26259241813225,8.15050271388341
7.90005,11.9549660588099,10.2983420461283
6.70005,7.70846680738537,7.61285791184492
5.20005,3.82336468074532,4.66208508520359
8.20005,3.94252618503287,4.97334398498927
20.30005,1.27798273242382,1.22419002362679
12.00005,15.0137609116734,16.9462185526125
6.40005,4.35761306290877,6.08487088202783
20.10005,23.1741272568506,25.6048305511151
10.20005,8.63844091065975,3.63634233506106
7.80005,3.69188472871975,4.37325764854601
5.80005,3.49068382170473,3.5411997097682
8.10006666666666,4.62316026225737,4.63652205722245
16.50005,17.0768567193741,14.6182376840699
6.90005,2.32913043765694,1.19722909067902
3.40005,1.74383495135139,3.44417783751789
11.30005,2.24731371710874,2.62602439583312
12.2000666666667,8.46969581083616,9.88763861007541
6.90006666666667,10.1768669284754,9.20863309985442
8.80005,10.6183240339549,9.44408871166378
13.40005,12.9745918862895,9.1774076339021
4.90005,2.66420119516448,0.759988831419427
9.30005,1.50738655862369,2.41137409906269
17.40005,7.24341960873904,8.36834460806051
14.2000666666667,10.9875647389025,9.4301640665814
5.20005,1.90281319104817,2.76086947036746
5.40005,3.5272190988399,5.49804139942759
4.10005,1.31054158783428,0.597424900900532
7.10006666666667,9.25595563174773,9.43113419971696
8.20005,9.19798613664194,11.0370592011791
6.20005,3.56886864679405,3.50869893038777
11.2000666666667,13.9328980766072,16.1280578468423
18.00005,16.0910046298896,20.7804118661251
5.70005,3.56470098146995,3.81554673933053
20.10005,17.4896359187109,16.9983490867176
15.00005,15.6394326411073,15.533239762896
27.20005,20.1625069426795,24.7904916355309
5.80005,6.41639239463085,7.65155425516976
10.80005,10.0880618438685,8.12540393298482
8.80005,8.45488278479063,9.06665365389463
11.20005,4.11125714407031,3.72850353968752
7.30006666666667,6.71509509305168,7.6695372566946
2.90005,3.46309329636562,5.00446475525272
16.50005,13.6103372628659,12.9901974569108
12.80005,12.659464734271,14.337239544155
7.90005,1.93369156746729,0.307575047627967
8.50005,12.2028543051628,12.4254614386169
9.50005,9.73156959401913,7.53820040968689
10.30005,4.96326431184568,2.72152374242772
5.40005,1.46976424082227,2.94140698047733
24.6000666666667,27.5612439499343,28.5179113769149
20.10005,19.4057592729699,19.8259124829798
4.60005,4.64283003928823,4.15310315643871
19.40005,27.2036624734938,33.5113605905846
22.00005,23.738225363378,24.912882283358
6.40005,1.66450151253424,3.96480851753808
27.70005,17.1669872826398,17.3405332920004
19.40005,21.3244025331487,22.5296830832731
12.0000666666667,14.5826780985158,12.7809291984243
18.10005,19.8604671934924,18.0912610353991
17.40005,16.1219410028346,22.0284800087903
16.10005,14.6018421790609,17.6534074710906
8.40005,9.11953626740445,8.95175157146467
12.30005,10.3167528576045,7.9343977034333
18.0000666666667,15.718431199826,19.5413913714523
2.20006666666667,5.54087954369081,4.6952711862131
12.70005,13.1130881488753,16.0203453482385
7.80005,9.17844708994039,9.66669418217017
26.70005,24.1204238754643,26.0433024928715
14.10005,18.3105231775978,21.1628714580122
31.60005,23.5268144809548,26.359880123124
31.40005,30.576917671096,28.4524375162077
18.3000666666667,17.7832975859249,17.3711511464702
6.00005,3.41640240954955,4.3861241682891
12.50005,9.10742766290033,9.21301248388088
14.40005,15.5933761498856,11.5940056004481
15.50005,19.6654133896535,17.9610127265841
15.0000666666667,18.0903106375857,16.3969968623659
14.80005,3.4082119389739,2.78364083767422
10.00005,14.6315279274611,13.1575335422941
51.50005,32.5615533217154,32.3718662794416
4.00005,1.66551106086668,0.751118116237817
62.30005,33.6297770740241,31.3604892279165
15.40005,16.9995624983568,13.9214688394839
7.90005,2.34450836058144,3.84624236138353
22.60005,16.8221071551306,19.4473354443906
14.6000666666667,11.9940558486596,10.8543743503877
9.50006666666667,10.9187919352537,9.73159458833319
10.70005,12.6411701245166,11.0310921649723
6.80005,3.02651778221444,2.6153045725076
2.30006666666667,1.20623628712695,0.493616934323222
7.60006666666667,3.99856494982711,4.89814692326619
6.60006666666667,5.32438146297027,5.0056920489518
14.20005,10.9885191900711,11.1936719694607
24.70005,31.6266576699671,30.8244636597208
11.8000666666667,12.9404015945284,13.8881677165505
35.40005,23.0563636163336,22.8892687436661
28.20005,35.8845249442876,10.6614238140755
21.40005,27.7663864200131,28.6760732084685
25.60005,27.485121960339,20.5127074416757
13.3000666666667,8.11093854976465,7.97560864487176
7.80006666666667,3.2292757313183,4.42763656557874
23.70005,27.4147514604847,28.6594323366232
10.1000666666667,10.1847861845064,9.40153204634579
7.50003333333333,2.16091027184987,3.78725844654413
7.00005,6.7637515614458,9.15875392024335
14.70005,14.6430351680197,13.0096793263846
9.00006666666667,1.84951732629378,2.92677138058787
28.9000666666667,30.5410445045105,28.7819809427315
8.00005,5.40562506984959,5.99901569913587
16.5000666666667,11.9336797187864,9.83479416415492
11.50005,5.39390001085632,6.57369006826407
5.70005,4.78577194689491,6.71323357113232
4.30006666666667,0.856690103649927,1.47088992450405
8.70005,4.30497377870401,3.18823678127881
4.70006666666667,2.56638008248786,3.83301636026959
4.20006666666667,1.09796286727738,0.367068492360987
12.50005,13.6008287095641,10.8335059231582
8.50006666666667,7.91042902936714,6.37649329588559
8.90005,13.0757495898374,11.6992991559618
5.10005,1.79738739550043,4.02815440318733
4.40005,2.87870051548154,4.99904523723661
4.90005,2.76618469918301,3.53084749147522
13.50005,11.004667813491,10.2364521546192
4.40005,1.1525823540037,3.51460423390295
3.80005,1.92876708104132,3.99039333174148
29.1000666666667,23.6774961897663,25.6542846620523
6.30005,7.22148996128985,6.68042134797391
19.7000666666667,14.1278285289506,11.932819654099
5.50005,1.85910158762634,1.68858488058146
6.40005,9.33958143666185,8.76484656283111
8.30005,8.45084300519366,5.74266097559348
10.80005,12.0091835512957,7.97641256186217
8.20005,10.6709825598308,9.68734291868382
15.40005,14.0524689661817,12.6218742924651
9.80005,7.65419654410298,9.873873373599
17.9000666666667,20.1762609812932,19.4631720683364
18.60005,18.982761473528,16.744013974011
13.40005,5.52483060160146,2.1235891344851
18.90005,20.4356397952336,15.3194443544731
8.60006666666666,5.98558537022521,6.76989551703005
30.00005,29.0177959980476,27.7272072617537
8.70005,5.09466973014877,5.95042839398817
31.80005,21.3973216750236,24.6039054055917
18.4000666666667,13.5007651323107,12.7235352554031
19.20005,23.3568524331876,22.1821522246633
14.10005,16.4094800446857,10.4906248143378
23.10005,21.0140386075846,20.5724482304239
21.20005,22.7254006743496,30.9298520651632
5.90005,0.469021129967273,2.67200860480493
9.60005,7.83005210494473,8.14075235708998
11.7000666666667,5.85929859970071,6.70192560234327
18.50005,18.2272260929558,22.5691849937639
15.80005,14.152272651085,12.8104177577024
25.40005,28.0549714025286,26.0981732559503
17.7000666666667,12.9521225689984,9.33651311290005
24.50005,28.4707407496636,29.0378472445324
33.50005,36.4505181560112,29.9397588880079
3.00006666666667,3.3387188089193,4.75995674809495
26.0000666666667,26.1380757815428,28.5501090386089
2.60005,0.608931539998459,1.10243807607411
9.50006666666667,7.80834161636708,8.00167157424213
9.20006666666667,2.982904998903,1.12806549597515
25.90005,19.0052216576333,15.1862322124779
10.20005,10.3649603991834,11.2823529967718
32.00005,26.8564069648234,31.4419698565608
6.10005,2.17700136629708,4.10995775193401
12.20005,5.59983988560652,6.22207451322825
24.80005,26.48970688603,25.6975538406434
19.20005,17.7277528620127,22.5474071646073
13.2000666666667,9.6675810044653,10.5935932555045
19.80005,20.1372774305718,24.0051462604539
2.10005,1.04554165210212,0.850278712946598
22.80005,23.7717034130493,27.2400940503185
28.70005,26.7619778776152,23.029301567077
15.30005,14.2349414196524,12.1357559652458
16.00005,15.6334255481617,16.7437956457146
20.60005,20.6974105208414,21.2125534624921
10.10005,2.64762009137331,2.90455516181151
12.90005,10.4093180614002,11.2378511414267
3.50005,1.42585651369463,3.46099778191676
7.90005,1.88682476494156,3.85069656025599
22.60005,22.3819989884091,24.4918644111418
8.90006666666667,7.73174661103395,9.08530502740726
22.8000666666667,22.8271076170297,24.88187905441
17.90005,22.2871918073338,23.5244723240514
30.60005,26.3859612135881,29.5596459165842
5.40006666666667,3.37880507430284,2.03092266975015
3.80005,4.19951717980081,4.41050349194831
11.80005,15.30170542747,16.1865184889403
13.10005,16.535724102328,16.4651377403444
17.90005,19.4223160617546,18.4216870024947
54.60005,20.5495725350196,21.6041897031738
34.80005,34.0249374680239,30.0797434279456
10.8000666666667,5.20244291499116,6.11214433745771
5.20005,2.3794887667663,2.38161927086671
7.10005,4.24717025142917,5.97928121541452
2.90005,2.72478601410011,4.81336738162379
13.3000666666667,9.9722384692542,2.92785214543919
12.30005,9.27224260899275,9.24831809799826
25.20005,26.8929161837689,25.9994612002954
22.2000666666667,20.4161847816824,23.2224533921293
6.90005,4.26099472430848,5.55876024306266
9.90006666666667,9.59179781070206,9.57302833867738
28.20005,29.1853407174331,27.575023787682
20.70005,21.2785607529407,21.1178152756651
17.10005,20.9022899165859,23.1386155462842
28.20005,31.8036497306366,28.8736740523897
7.50005,7.38071620483447,8.19979909787744
10.00005,8.4554116489877,7.89123979156564
33.10005,22.4786789327667,21.8660071555239
21.0000666666667,20.6053281109361,23.3369575455328
18.3000666666667,17.8597555722748,19.0387736716443
8.10005,7.12374192041705,8.20736410682232
11.70005,13.4829067969624,13.2190174042321
31.40005,15.8796275367066,17.172104836513
2.90005,5.38460763055716,4.70861682431716
9.70006666666667,9.94879236337124,8.70721464847539
3.90005,4.21214233004344,5.21237569048551
6.10006666666667,5.0827243424075,5.66871818590122
25.2000666666667,15.9648414376711,17.1634909323308
9.00005,6.27555905290561,7.4134858431042
11.20005,9.43720654085421,10.6512844683045
29.0000666666667,23.6906127199427,20.3643910585295
29.6000666666667,18.6813433366978,19.3300616281424
23.80005,15.5362478819534,14.9887528547129
2.80005,3.088143425467,3.33979254553809
21.70005,17.1626388894791,16.1911148907072
39.10005,23.9680149455838,25.1552041371654
10.40005,12.9201045850676,10.3182666604075
10.10005,5.88369691773917,7.67828172083107
31.2000666666667,35.0788060281412,30.8847126695953
20.30005,15.4856589179519,12.1788331609334
22.30005,19.7833918331871,18.9272356044151
22.10005,24.3463561859689,25.7015838763071
29.90005,32.6030644235312,33.1326840086641
11.20005,10.7809302050428,9.03385584623786
27.60005,13.2911044967274,10.5770360720917
4.60005,6.109242431762,7.22644098966098
4.20005,4.54629844535608,7.42106303148097
22.5000666666667,23.0345318319643,25.1437680956563
13.90005,12.6759655614121,12.1100959099638
5.80006666666667,3.22215871559275,2.18535457539096
37.30005,31.5719921826653,32.7099934445456
22.00005,17.161655665966,18.8339756206032
21.10005,23.1711060091129,22.4746588725552
23.30005,19.2983652521782,22.3292344629567
14.30005,18.0013711789621,21.2686791277138
39.60005,21.0066766411212,20.162357213263
9.40005,3.28160644695571,2.92909938754315
10.3000666666667,9.00923836653671,8.12286183756381
12.60005,12.1102351510151,11.752673764866
17.4000666666667,12.9429286330906,11.7628732952758
24.20005,25.790066731523,30.1904048554916
21.60005,14.1225485256516,10.652155179083
12.00005,12.1018668623727,12.790432783161
22.20005,23.2955141767315,23.4111986963746
11.20005,5.88620547656542,7.23300903928521
16.30005,19.204235993857,18.7401120764224
13.50005,8.61096876050929,9.64905804254907
35.60005,31.7056422081219,34.0845079821103
9.50005,12.0703681523916,12.0875725267569
7.30006666666667,3.59674719331807,3.08319790571519
35.40005,25.9146638388887,28.6450739634107
14.40005,12.6819198928567,15.640970360645
6.70006666666667,7.940602276113,8.29436376470281
9.20005,10.9292128499944,10.4837098692768
20.50005,17.8569292640005,19.6148522601298
8.50005,9.33948725751214,10.5559126092276
11.50005,1.99382383881684,4.14384461606741
26.60005,19.5624235000256,22.2959403586097
18.3000666666667,20.0429853537215,18.0067388580567
6.80005,3.3598298138863,4.46138900306022
17.20005,21.8463179049494,18.5977129614323
16.50005,13.3804607087448,10.7974850552494
25.10005,18.1774356858431,17.1024663465045
8.20005,13.8587020483302,12.8089834736056
17.20005,19.3175341197643,20.3692967090769
11.40005,11.646458266395,9.61255502302667
19.2000666666667,19.730764055556,25.6254862262922
8.10006666666666,10.1037261963265,9.77324811299234
6.70005,3.8464080512952,5.16922601606919
8.20005,8.23554532355812,9.66415051169249
4.20005,2.68117471185293,2.39820282567307
22.0000666666667,23.0133210352218,22.6132864411552
55.30005,24.8246396810931,21.1734274099073
24.4000666666667,16.383447983569,17.543868941483
16.00005,14.8519074591155,18.4412115133133
14.30005,18.0059013546684,17.0452536523067
6.30005,6.02975189999391,7.52615829699164
13.40005,11.5592490850548,9.09963175468627
16.3000666666667,19.128513597613,22.2597463954732
10.20005,13.2404377126004,12.8102707810351
16.8000666666667,11.2143531503816,11.2578080309769
7.50006666666667,5.29230316289977,6.5323325093811
14.40005,12.1908967828892,13.9230579746054
8.80005,4.13939365524155,6.51432763540982
13.40005,18.8069941926388,19.2548306489134
8.60005,0.920075977254298,1.15681742559173
17.40005,17.4968412320223,17.4580756401442
18.80005,18.9360401235752,21.5265740661714
3.00005,1.52758719522475,0.144122449939667
19.6000666666667,20.0047597534707,19.5370712678989
12.20005,12.4665517492543,11.7315140704017
3.40005,0.71954014381467,0.480373577198348
19.00005,19.5795110076551,20.6820194006073
4.30005,2.57295791420509,5.30920140198434
14.20005,15.0137248900248,13.1427282598302
13.30005,11.9116531828454,11.8337348792435
10.20005,9.37254501482968,7.84289070934242
10.70005,2.20146970443125,1.94153721118982
5.80005,4.06119714488465,2.26474808214933
5.70005,6.56406157743733,6.36421644710098
5.10005,5.13617934790929,7.38336588661609
3.70006666666667,4.37253898287389,4.9987332686182
11.9000666666667,13.24145184226,15.2379814973584
7.60005,6.04252460216314,7.39335520135042
13.90005,10.6235171971337,9.50820276287942
12.00005,9.35204421203289,8.96196175372509
12.90005,12.5975675618029,12.3473247625062
7.10005,4.51339882204259,2.94120710593432
12.00005,11.3773793709357,11.0340509015138
3.40005,4.2098225357832,5.26489977032842
20.6000666666667,15.1209903632348,18.0061464397306
7.40006666666667,9.07392408002706,10.0464296217765
20.8000666666667,22.7342259316735,23.5831656923919
8.30005,6.53312774128814,6.9270030522321
19.2000666666667,20.5869738766887,21.6495130736711
6.66666666666667e-05,9.29051810542192,10.2265296326617
20.0000666666667,23.703775237618,24.0645861520825
27.1000666666667,31.8338737518591,31.2735516486855
2.60005,1.95992338606266,1.46855616358292
26.8000666666667,33.0787232361896,31.2920404740759
22.3000666666667,19.333807271695,20.9965716833092
12.90005,11.6620114894564,9.8425979117988
4.30005,5.22246986270963,6.19063522150389
6.80005,4.767654708039,5.32874591835545
5.10005,2.96912516099824,3.32440106092898
3.60005,1.90153756515835,3.58109153874731
3.80005,2.44413037183094,3.85155938424516
4.40006666666667,4.91839568735565,6.54935884288681
5.60005,6.63366656566475,6.95160263101135
6.70005,4.31132041180864,5.8525827214304
10.70005,12.78197962492,13.0299910181507
8.30005,9.84353620407859,10.5527748778533
10.40005,9.7352402184908,9.62802981221613
8.00005,7.22537560069362,9.45806332732432
7.00005,9.49788267419017,8.69808640111636
16.10005,4.03762849908984,7.44085025795671
21.0000666666667,23.4049085551106,22.1112597133746
10.70005,7.96888182816981,8.06566237178171
5e-05,17.8910651751512,15.6667927888794
6.70005,4.55100851150469,6.93346713645317
3.20005,0.687422860902288,2.08466783716026
35.80005,20.5403387421336,16.497570490182
4.10005,1.99840504854467,0.564086438517382
11.70005,11.2315236199649,7.29651575652462
5.80005,1.12764990068332,1.64509742340509
11.20005,14.6182810288838,11.4609387288582
2.20005,1.43063974948425,3.11225291511839
25.8000666666667,20.1195132295927,21.7593211954622
12.60005,13.1312882978339,13.5572447253208
15.3000666666667,14.0761205904174,14.5560702895609
7.40006666666667,3.8925321474779,5.5223882149932
9.10006666666666,2.09102066249194,3.15076969567293
9.40005,9.07072445333189,9.31902167908245
6.90006666666667,3.89737809698212,4.96394208814925
25.2000666666667,28.5971704984303,25.696277674209
10.2000666666667,4.86133616514345,5.86491512992223
19.9000666666667,22.1113245714407,20.7077896346723
14.6000666666667,15.8305791787498,17.0140927506693
9.50005,3.54784438308483,7.06893020327794
4.10005,1.56200830051433,3.22026094092198
23.3000666666667,26.1890097040494,24.7137155045918
14.1000666666667,9.4347467439556,11.0477961714146
5e-05,3.55169210642132,4.58119295415585
12.70005,13.6808335403768,10.9009195045787
8.70005,10.2343635288245,9.87958244445944
11.40005,5.78043879374471,5.08247008308121
10.8000666666667,9.86640167913368,10.1310209249697
8.30005,9.53450132465674,10.8560970239541
8.70006666666667,4.5048680487893,4.73516348618058
9.60006666666666,10.1847877056806,9.74195779589701
3.10005,2.36791213851354,4.60498827516043
13.60005,9.08974168676793,8.10881037272052
3.30006666666667,0.731411557119636,0.123660891974031
24.6000666666667,26.7470970036192,22.9439017189489
17.1000666666667,12.9378685602191,13.1634867184444
11.6000666666667,17.6241693643854,18.7996518558339
5.60005,2.03184523468178,4.49117880904252
15.60005,13.2647569547706,8.01020352621474
2.70005,1.21952938350031,1.89082446122511
3.80005,1.41645830183713,0.813535177549063
17.9000666666667,18.0122057898055,15.7270978243357
7.50005,3.97781746683601,6.58613352580298
26.10005,22.8112135579682,20.7942094705026
21.30005,27.7797775127074,31.5385567625118
4.50005,0.68177304666086,1.2557994629717
4.30005,2.92945208724978,3.71811852180005
9.70005,31.4324973739553,21.8043727132945
6.80005,10.4386722727365,9.00488784982222
12.80005,16.0255089369521,12.8369373650575
37.0000666666667,20.5903405551914,19.7517993036013
7.80006666666667,8.09006517041704,8.33777294867471
23.80005,24.1632076209316,24.4177214942913
13.7000666666667,8.58169988947457,9.40203442688923
6.10005,1.83250623336778,2.69391536946085
10.0000666666667,8.14341336550694,8.72214480118113
18.8000666666667,20.5834537375114,21.3449023040089
3.90005,1.26201029803459,2.96998879528857
6.90005,6.97963541255402,7.61840542710714
5e-05,3.59525769857009,4.9571798243208
10.60005,1.23040593188184,0.72517769970039
17.9000666666667,18.6961382163985,16.2872969733898
3.30005,5.42380981901002,7.62380668642564
6.00005,7.70198408858691,9.68014442877139
50.6000666666667,42.5786091917603,37.0298113590693
12.10005,14.7960504778884,13.4134674895686
7.40005,3.70991447856623,3.83750758062208
6.60005,8.85666777674074,9.56709958207851
30.90005,31.2472330050349,22.8250477658258
23.90005,20.5411680212418,22.4886593576741
4.50005,6.19526154148129,6.95759303911857
32.80005,31.3987890997852,31.9694588536061
4.50005,1.44108019627089,2.70958580664121
27.0000666666667,31.6230143955066,27.1185455085269
4.20006666666667,2.78163547592414,3.89103295247599
6.60005,2.81128030493589,2.63826900319504
11.2000666666667,8.70196702271674,9.05814234800019
11.70005,3.37841184010862,6.37590193644605
13.5000666666667,17.0085968346316,17.5374613149289
43.2000666666667,20.0743612506367,23.247185369215
36.40005,18.7509735760816,18.71480550465
6.10005,1.13908188544817,1.63630297888885
33.70005,16.9866803421788,14.9624633949323
12.7000666666667,11.2867034275137,10.5259039574638
7.30006666666667,7.38165035894062,8.82833940488726
4.40005,0.882082739269122,2.00028805537186
5.10005,1.58637844653743,2.20179132165599
6.10005,7.77206431558331,10.0332509074642
8.30005,2.04507400090197,3.23129819591429
12.50005,6.91976875970563,7.66351092072761
8.80006666666667,5.6604384632023,6.52759306818554
9.10005,6.97696306229034,7.47175793143744
9.10006666666666,11.5573559017258,12.1702480296205
15.00005,14.4269734448301,14.2131928137941
25.30005,25.7065237346373,24.5716662176192
12.00005,7.01572845684555,8.49476629663149
6.30005,4.65785587782489,6.52255561989972
14.20005,16.7899995991975,15.886214359667
9.40003333333333,7.11990504862299,7.72866521664424
22.40005,19.5052578623014,18.6162375412111
5.60006666666667,6.47893180887134,7.5567806746833
8.50006666666667,9.63191093067661,10.530203872712
5e-05,2.71442144785917,1.86668229046234
5.10005,3.14483692426309,4.53177704962108
30.30005,23.8282775977783,21.207505433094
5.60005,5.37322870205114,5.60517685060967
6.66666666666667e-05,1.78404801206166,1.45803906748053
20.6000666666667,17.2813421232997,10.3795735475313
6.80006666666667,4.25639306642109,6.37908244144278
6.40006666666667,5.91736123642965,6.35924743409392
10.0000666666667,14.2130802887392,13.9642295937533
12.7000666666667,14.2970092685436,14.9290748967322
9.80005,2.87128520988269,5.63222011227595
19.8000666666667,15.8252912041911,15.0630613006028
13.50005,8.5161388673373,10.0563692572533
62.40005,41.630815441426,35.7141901113374
9.00006666666667,8.42812639244001,7.13822853175836
5.40006666666667,1.19778096035154,1.55992704926872
9.80006666666667,11.4853608278738,11.424710083519
7.50006666666667,6.14165430195638,7.14389313730389
35.40005,32.8623893169434,30.5967932557367
15.9000666666667,14.3010577249945,13.9502951998373
8.50006666666667,5.25390975822448,6.91644603578073
11.00005,4.89923739835287,6.21100597698197
9.90006666666667,13.0807489405573,13.1774849856574
8.60006666666666,7.97134864660446,9.52897965740795
6.66666666666667e-05,1.3858812575984,2.25397466050602
5.70006666666667,3.33705176257215,3.26895775421065
15.60005,14.2124392032541,11.9960618259967
29.5000666666667,22.1137750619714,19.5216241408166
11.90005,9.39979442068388,9.48371956227044
11.10005,1.14816597297217,1.29278298479046
8.80006666666667,10.175326793169,11.0209205623312
5e-05,1.97242874615254,1.67711132067766
15.00005,16.234082573729,9.4558190667384
14.3000666666667,11.8330529430493,10.012046532035
23.80005,21.9857973651797,22.2762246744545
14.60005,17.8895795456492,20.9831259487602
14.3000666666667,16.3663655554732,14.544133110003
31.70005,27.1716863715242,30.5715621275616
16.1000666666667,17.5500941204653,17.1262921076687
31.8000666666667,29.3470490321587,28.4426125861599
12.10005,9.13755207026988,9.46002357054664
9.80006666666667,8.58779622424325,8.61378958931694
11.8000666666667,8.47169601326741,8.32946472161662
4.00006666666667,2.70285080342077,3.68482186324327
10.1000666666667,9.34353783846474,9.80456344665459
11.2000666666667,13.7865805349326,8.61075018375357
12.70005,11.0522725369306,11.4527599667716
20.60005,18.1114699670557,18.1649769846797
8.90006666666667,7.94003212940506,8.91644272684832
7.00006666666667,2.53615034461344,4.61063207068117
19.20005,20.2665069645866,18.8369789900605
18.50005,16.8745837647964,16.5088517463464
16.1000666666667,15.9652638129993,16.0997410551014
26.2000666666667,18.1366687058972,25.5465033068064
24.4000666666667,14.4096295011073,17.6254668632086
7.70006666666667,5.44381795680588,5.50466160622793
5.90006666666667,1.61462565976096,0.763998514602744
24.50005,21.6189880534595,23.1930732198455
21.40005,13.2405204164559,11.234543501161
8.40006666666667,7.69280581641081,8.3731599692836
4.80006666666667,5.77704760342833,7.65806330662188
5.30005,6.72369214394529,7.07296158037332
9.00005,5.28168380074364,6.97077356806635
28.70005,21.1673264927406,19.0537091665337
9.00006666666667,11.9903541242041,11.1421916677439
16.00005,14.6020783902772,17.1539301117339
9.80006666666667,3.10501448341174,1.94598906064576
11.30005,12.3152256330269,9.49435365946059
18.70005,19.6229214889443,18.9573500320638
19.3000666666667,15.5606316299742,17.6366397885891
29.00005,25.4743345842686,20.389018252471
4.80005,5.07641003372233,5.75247909138286
27.50005,26.4996378202243,28.2672603014193
22.5000666666667,22.7185573025787,19.6018448012186
4.00005,2.78225778562109,2.35903585526772
34.50005,17.0287123276511,14.3373684930256
29.00005,17.4402616257137,19.7021144620595
27.6000666666667,23.2983159969163,22.4325085321447
18.4000666666667,23.194115435396,23.1324584392476
22.2000666666667,22.9791121851359,22.5470123820317
9.70006666666667,11.4040621395851,7.16066119200964
12.7000666666667,8.84939332516868,8.64790536907986
2.80005,2.55978655021061,1.28731784216313
7.30005,11.7410379821255,11.5390064356043
3.50005,3.63879649049933,4.68928404320983
7.00005,3.49292688036759,2.94802713967514
55.90005,28.5127958532322,36.1798314526503
14.8000666666667,12.6023802884727,11.9492598642348
14.7000666666667,14.4039305763399,14.3065657654525
26.8000666666667,23.4549834385093,22.4093894611871
16.1000666666667,15.2721267990677,15.3828498410623
16.20005,12.9925944648703,12.2469612799592
25.5000666666667,27.6606548003274,29.2089570230701
10.6000666666667,12.1134307733696,12.4053287634503
12.3000666666667,9.00434532878307,9.10059498324139
13.1000666666667,1.74374144094525,2.27744041584461
12.3000666666667,4.25784083001177,5.93356115826077
25.3000666666667,25.2312246030807,25.1398065900811
20.7000666666667,20.9811428281939,20.7174687392437
18.1000666666667,15.9309496270496,19.1365626495836
4.40005,2.16897104724872,1.03656753345331
14.5000666666667,14.2950291233841,13.0583888982983
50.30005,15.4807420194618,12.646976815228
6.10005,7.09215715702199,8.51771323918401
19.50005,16.9760672857563,20.5405613791296
24.70005,21.0591986791752,21.8094505245258
11.6000666666667,9.407790323248,9.51223700051194
8.10006666666666,6.53294992614161,8.58119847619521
9.20006666666667,7.45874966986848,8.27891938412947
4.40006666666667,0.563468390769896,0.848431977537655
30.5000666666667,24.8469462380637,27.2543839247341
10.50005,10.5576098766716,9.30872508110193
11.1000666666667,10.4710055918264,9.79249670303552
23.6000666666667,18.4222319733626,15.2777023602165
20.3000666666667,16.6447235283263,20.4975977016253
6.90005,12.7231776414292,14.5711630186171
18.10005,17.5531555246734,17.5865841646636
24.5000666666667,20.7307444697021,22.098618087123
4.60005,6.06390646224903,6.18235837381833
15.8000666666667,15.2607144771715,18.6095672165599
12.7000666666667,9.71385540762988,9.15684691773651
20.0000666666667,20.1261619714501,22.9463263025146
20.2000666666667,22.9175201513811,25.5018007606526
4.30006666666667,12.0211737769355,11.8076428188515
6.30006666666667,7.48929977972837,7.99881770732662
11.20005,10.0043922683123,8.11062032194353
13.9000666666667,12.5745431482299,14.0160463042237
5.70006666666667,7.29974758379653,9.2882693425113
3.60006666666667,1.35536608702606,0.384557735059603
22.4000666666667,19.1099463098934,17.2843597470441
6.00005,5.19092028020227,6.40677572625437
5.40005,3.33726064068874,2.24037621957093
18.0000666666667,12.4205452824827,13.8595449708306
8.60006666666666,12.1938418561453,12.9954974608954
11.80005,10.7249170743879,9.17710732967519
20.80005,21.0885778556806,22.2551789820328
25.8000666666667,19.6089268706582,18.4370252386092
14.7000666666667,12.937464784449,11.8853602988051
7.70006666666667,8.28946408827965,8.80034056104864
6.20006666666667,6.52125898865472,7.82704647554676
6.70005,3.63983632710921,5.72051837975185
19.9000666666667,20.6571836106534,21.1844774182955
5.00005,6.86677190986446,8.05649259178826
17.4000666666667,15.6737199812053,16.1792356938641
16.70005,23.6959427325299,19.3346483792202
6.40006666666667,5.7307052320504,6.22863772476274
3.30005,2.7605276135779,0.888506342419046
24.60005,18.1983670878846,21.8408420421829
19.6000666666667,16.5111788274238,19.3125121154463
36.80005,30.7976284003017,29.9266180480755
10.60005,9.17154721766181,9.87263815227794
7.40006666666667,5.21049232470493,7.25217887570348
17.80005,21.0224451211439,21.1370733832948
8.00005,9.01872111029361,8.39488458013312
28.1000666666667,18.8945164590261,21.679816220515
15.3000666666667,13.7404725321884,14.7460628347112
4.80006666666667,1.53574613181146,0.0546731230613904
6.20005,7.28325161653478,7.83540933562918
6.20006666666667,4.21977408789966,5.78214092382978
6.40006666666667,4.33813783494151,6.45374730649105
3.20006666666667,3.10817509721996,3.52633880852878
20.40005,17.2664459428624,20.6725131427738
17.90005,15.2132082709311,18.6462839940229
6.20005,9.91818163218971,6.40660752104278
3.60006666666667,3.22940108336999,2.37154410730247
29.0000666666667,27.3251166180243,23.9518563146691
28.0000666666667,24.3284755351716,24.6347070451916
10.1000666666667,8.26059956952771,7.91999451051907
4.10005,2.69393250313388,2.55444152587349
25.6000666666667,17.7857252424881,20.4118424808263
28.5000666666667,16.0507917688888,19.8281432797861
3.00006666666667,2.52297101489759,1.87619844651698
8.90005,5.03633695089551,6.79705583795755
36.50005,33.1717013203434,27.4230648373317
20.4000666666667,18.0995545830694,20.2029198160921
17.6000666666667,16.5494122849626,17.859522531511
4.60006666666667,3.65879028257388,5.87337707855611
12.9000666666667,13.2298193390151,11.2077131055163
2.20005,7.52066032091674,3.17404640215478
5.80006666666667,1.55347646293129,1.01859908646734
62.6000666666667,24.1445714596636,25.6481666243402
18.6000666666667,14.9756426542799,17.9814963835295
25.20005,23.1926577768094,25.3590055987889
11.4000666666667,12.4816229448078,14.2123447075095
7.60005,2.0540513154876,1.0621655231671
24.20005,20.7466089794589,23.1549796701199
14.2000666666667,21.6944954480062,24.7974926516753
8.70005,8.56041941320545,7.18592200710149
7.50006666666667,8.44497212369883,7.60509973332808
24.4000666666667,24.8298407338119,20.0124307724819
19.8000666666667,16.5377644076718,17.6320188383049
16.2000666666667,9.03860334253495,10.6719681294648
18.20005,24.0268907334682,25.593527802065
8.90006666666667,3.99296536562281,2.39035675719948
24.10005,21.6938748479899,24.4176789946313
20.9000666666667,24.2554657519125,21.5008799233368
8.40003333333333,12.5574543266706,10.9498974594938
17.70005,21.2412518996356,22.1708641120769
6.10005,5.41539970195335,7.30702580413673
8.30005,4.1112049654388,4.70410134897916
7.50005,1.99820188191529,4.09846135036682
20.40005,21.1468821528493,21.3776646113766
13.6000666666667,16.4176087341138,14.3796242440827
5e-05,1.14186676186348,3.08176340211014
5.70006666666667,3.19606252664592,3.76537832278795
4.20005,0.928595920416333,2.39112811863591
4.70006666666667,3.08410596343216,3.6338841914466
18.9000333333333,23.0119244419042,27.10553836664
20.40005,20.5141812814193,20.8223304068302
10.40005,7.05580683324489,8.9770795595866
16.20005,19.4910549381427,17.0633908856404
22.2000666666667,18.1768942641545,18.4964054936851
9.70006666666667,3.76876578300967,4.90107360445531
10.40005,7.65409539349873,8.17535125177012
10.3000666666667,10.6064840368524,10.346826560171
28.9000666666667,29.140891539409,28.9821856537301
67.70005,11.698669220691,10.4901211269536
3.20006666666667,0.48282132620028,0.669958787485823
6.40006666666667,2.70305085186911,3.17603562892723
4.00005,3.4963757512126,1.39735997523419
10.20005,8.44146704090831,10.2743478943242
17.1000666666667,18.0306547557126,17.050655287303
9.30005,0.602995361975596,0.591321892698705
5e-05,2.13906623177779,3.36904052402643
9.60006666666666,11.3493332669413,10.679532748639
9.20005,11.367601868676,9.31902287553081
26.4000666666667,21.9550599117116,23.5077226398518
17.10005,15.1011664363822,14.7768140904575
21.8000666666667,19.2321001242058,19.2281200822805
25.20005,10.7166859365892,10.3904658598825
33.4000666666667,21.8956741021172,21.2921681937956
2.20005,1.95170288752197,0.0818271872505785
14.00005,13.5630972630433,11.3570906711401
6.66666666666667e-05,1.97124913703983,1.14407535776601
20.2000666666667,18.0603483555426,16.2016273415102
17.6000666666667,16.3934396567287,19.5306445645027
15.60005,13.6039192234291,14.8376247443563
2.60006666666667,0.620325827419041,0.747562207892908
12.80005,12.8469646596968,11.9180801391119
28.1000666666667,33.2910466086382,28.7186383295336
10.2000666666667,6.37066044011084,6.02898212337764
15.3000666666667,14.8920820694072,13.7958438581652
2.80005,2.16022945043287,0.422720423254006
6.80005,5.20067905067573,6.60808984394258
5e-05,1.0326569057119,0.144050836375976
12.5000666666667,18.0783030765766,17.7663563146342
14.70005,7.77822150360153,9.17707645040505
9.20005,9.43654475390382,6.65449783828264
10.7000666666667,9.96019710151228,10.809381858162
10.80005,7.89256200690702,8.19528519806105
6.10005,4.54302673300031,6.58015981844415
14.4000666666667,7.4930305701753,7.73785016797627
11.60005,9.04519899550313,8.50915196566514
17.8000666666667,16.0531196775589,15.2169694517999
20.5000666666667,16.9889484048938,15.5860467274743
14.90005,8.02412891709532,9.59078533452495
14.40005,2.75114364205065,4.00963029373201
6.70005,7.34297655509261,8.45481056535683
11.3000666666667,13.1159331759452,12.0329652399615
16.8000666666667,14.5294780178317,14.4458906203992
8.40006666666667,5.93769231361384,7.38293223341898
15.3000666666667,10.1639403891723,11.5500960073924
3.00005,1.51768309099081,2.88550156935193
2.60006666666667,0.966651345174221,0.976877331601501
6.40006666666667,9.15542643904617,10.6639744210955
28.5000666666667,36.1604530521187,31.3501608330379
18.9000666666667,15.5956124420966,16.1507610932082
10.90005,12.8283497625179,10.6483519318765
23.50005,33.3544979638216,25.9532506147457
17.0000666666667,14.6012369434547,12.7287431884065
19.20005,13.4265063982843,15.3235223711153
18.60005,18.3846388667343,22.1235115670999
10.1000666666667,10.6788490041942,8.43234250719591
10.6000666666667,11.109980154203,10.2158005891808
25.5000666666667,22.0958255622675,22.8488787603414
7.70006666666667,6.09534069955417,6.25516053162558
15.5000666666667,18.5497323313478,15.4966057785126
25.9000666666667,25.8152057104671,25.1686021160598
6.90006666666667,5.76466632514643,7.35142957914486
6.50006666666667,6.87935679071913,7.88414721035689
28.7000666666667,17.6575089436977,20.6612037617604
6.50006666666667,4.77493297546371,6.61522410355117
12.1000666666667,11.4207997730238,11.1847037009425
5.70005,6.7212789794462,6.98908244559311
31.10005,25.6671968226694,23.8474019717326
4.70006666666667,2.39378942789274,2.96756175743338
2.20006666666667,1.3524902127389,0.527738751277085
9.40006666666667,7.93063806679634,8.03067195910734
14.3000666666667,16.6797564677745,19.3931836838749
35.90005,22.6936633250978,25.4946503489726
5.80005,4.75213023117632,4.46091423055367
2.50006666666667,3.36778045606948,5.16894446247657
10.3000666666667,8.58271279509225,6.81891305721736
30.40005,33.0874856624025,30.7017757420639
2.40006666666667,0.906589121209265,0.645976066170133
11.9000666666667,10.7607357556816,11.4787337927008
32.8000666666667,35.4299948140933,32.0098089186138
6.80005,1.38127064233228,1.32496502153254
6.60005,3.11592806273423,5.12345935868687
5.80006666666667,5.58152440017664,6.29689594067026
29.8000666666667,16.5984748002161,17.820379556563
16.7000666666667,12.5874982370883,11.3556295407891
11.8000666666667,6.61095414381847,6.74204374999661
7.60005,7.35149873135901,8.4231947120565
50.80005,38.7114832397625,34.292383214489
24.7000666666667,20.6591209083907,25.107143095174
9.10006666666666,7.74500606877626,8.20062971248023
6.10006666666667,4.81011241477337,5.98122708577362
7.40005,4.9678703523401,6.33647330242511
27.0000666666667,20.5800916986515,20.0912308110999
35.40005,28.6562897187953,28.929866868663
80.10005,31.3810396362948,33.9276264571151
5e-05,2.40103801728691,1.01090998732717
6.00005,8.02968502706903,8.98776163109726
8.30006666666667,6.15709752039143,7.2014918314342
27.20005,20.3400518055828,19.4410392562244
30.10005,21.5605356594092,22.2491254193733
17.4000666666667,17.06683741933,16.9780585268543
28.5000666666667,26.9407978601091,22.8910206615629
23.8000666666667,23.3428494060751,24.9535241199098
2.60006666666667,1.08817387943939,1.6432411178964
9.00006666666667,7.09023328196761,8.38850499673808
29.20005,24.2542685215894,23.6200561015566
9.30005,7.46413147733766,7.12819848541737
46.8000666666667,32.920967661592,30.5927849886495
4.90005,2.12763542047128,3.49851249493365
10.70005,9.29594928733279,9.5881953118107
2.50006666666667,1.31686680884309,1.63439475772978
3.40005,2.13541242489453,2.80238499974634
4.80005,1.0620063811323,0.11226009374089
35.40005,16.9699036528325,17.9471348132515
34.1000666666667,30.8163061547846,31.1153477395356
9.50005,7.68990717040507,7.871205330077
3.90005,1.42515573629309,0.21561863950248
20.50005,23.7262087284937,16.8079657318503
27.0000666666667,24.4567083195398,25.3104698252483
23.1000666666667,19.4824651884951,19.1589218068568
5e-05,1.76036076190433,0.573793554285536
9.50006666666667,8.54981955143407,9.08062158985067
44.2000666666667,23.4004482339894,29.3840766906246
2.70005,2.8688116041425,3.8645769690322
28.7000666666667,20.6383913124455,21.5817856779105
3.10005,2.87329576143393,0.752395686704611
6.30006666666667,6.37732278499567,7.43366399489092
16.80005,9.68153670055407,10.7938597753033
7.50005,9.74556675007287,8.37972033649728
2.90005,2.25718176193223,3.83570848883297
10.10005,16.4801096722612,15.5361943703487
10.6000666666667,7.37686977053718,9.17538117841522
6.90006666666667,3.57843738749907,5.11606458079352
10.1000666666667,7.54473307585081,8.26256170357592
12.2000666666667,6.64523566029095,7.86382276692827
29.8000666666667,26.1319488437337,26.4263146903123
12.10005,0.995675883101825,0.127907461537312
5e-05,2.56088217084258,1.08480999208286
14.7000666666667,14.3097065126265,14.1236693721559
30.10005,17.4752865223411,21.3685720698695
5e-05,1.85391046305202,0.695405869112506
27.3000666666667,17.5300009261795,16.7255256207199
12.20005,9.45008434315277,10.0388768497643
33.00005,20.9259863084816,24.9843009781002
5.50005,6.62606725927712,6.84187142681547
19.2000666666667,23.081697317567,24.9227381816709
11.5000666666667,1.21801718011599,0.702538266027997
19.30005,10.6136152946117,9.38145022953
12.9000666666667,12.3914616210661,13.8860654651151
34.40005,22.6687901763677,30.0624733754643
10.90005,15.179607623042,13.4797805499159
7.10006666666667,5.8402385087579,7.16117284084613
3.10005,1.87616778692634,1.3348025047903
6.66666666666667e-05,1.25595004450587,1.47704259119394
18.9000666666667,11.7565589631094,10.5919502255152
7.30005,6.64157201140801,6.75460812244322
26.5000666666667,22.9299564739897,27.346021723559
2.10005,0.185084681753769,0.0862334426825961
34.60005,21.7550067771713,25.2312493805705
32.1000666666667,37.2084244988989,31.949012581385
10.30005,1.3086043736902,0.346923593984922
32.10005,19.9333030639327,24.6850844362601
31.50005,18.710064512558,15.6410375289166
5.50005,3.30950239616132,1.86542783465766
7.00006666666667,4.67892454928728,4.59901297128944
13.7000666666667,13.8506172148861,14.1624137526972
29.1000666666667,20.049074546872,22.6455831688474
4.50005,1.81586632711147,1.94244021973236
32.2000666666667,29.3973160137294,32.0436651383321
13.1000666666667,8.40102569617552,8.66148692419669
16.6000666666667,11.7517386403319,12.3180045626151
11.8000666666667,12.7939869242298,11.7552961216139
36.3000666666667,23.1117866211043,30.2578372183692
13.3000666666667,16.9560771306214,21.5984043344862
15.5000666666667,7.92545970646227,9.68532677365294
15.7000666666667,15.7727255535791,14.2109657104723
11.20005,12.5951381847519,14.0779087700584
28.40005,18.6822809522299,21.8273547643278
31.50005,21.8091932323911,25.8074030368874
17.6000666666667,16.6039671603551,17.207147824395
15.8000666666667,13.5067276964816,12.6706698063209
4.70005,2.35682566115038,5.4496107522645
12.4000666666667,14.1384660216155,13.5830136313878
16.70005,21.4915608511322,19.2126523999683
13.60005,24.5043973693343,18.8782018345418
5e-05,1.32871108560374,1.43373010976862
18.1000666666667,16.6129987390755,18.2732724862719
23.1000666666667,12.0365781230096,13.6704507743027
14.5000666666667,14.2375464017812,11.3861246865235
31.3000666666667,26.6964883008727,26.2423479559294
24.6000666666667,19.4821847513194,21.2053890008825
3.20005,2.51167881606165,1.27466028878919
7.50005,3.24810621629531,4.43353117052934
3.50006666666667,0.662166681588975,0.890952675284384
25.8000666666667,13.9693336859638,15.7512284583703
7.50006666666667,5.50559753825794,7.89207605310219
23.40005,18.584216929944,17.5866732997123
51.3000666666667,37.9325416399312,15.4868682047473
9.00005,7.74693538985086,9.46084494391547
2.20005,3.04453021662829,2.48497995922053
38.4000666666667,8.42635823841974,8.56599915355736
16.80005,14.309199410697,13.2271737885837
13.1000666666667,12.5461953169871,12.6848582534562
9.90005,7.26612036464335,8.89360021478473
20.4000666666667,5.3464209690278,6.45614448488332
20.7000666666667,21.4329640932721,23.1136187357716
17.50005,12.3303032916609,11.478983409322
4.70006666666667,2.48440383124663,4.14868871736226
18.0000666666667,18.3204149414339,18.0747578834516
62.7000666666667,18.1462035629601,19.2815899107381
6.40006666666667,2.31224923228322,4.54610230159881
10.40005,7.9136699419486,7.61725647623286
51.8000666666667,9.25624488318545,9.46727159277433
9.80006666666667,9.01178770424823,9.84542000964534
35.10005,22.3151604923703,20.557780636439
5.90005,4.39024068891096,5.48119071109158
18.2000666666667,18.9093479926918,19.0969693678831
4.20006666666667,2.22231823406818,2.02652340461938
15.5000666666667,13.0391467594147,12.1085668375254
9.60006666666666,2.96547132426148,2.45682314436294
2.00006666666667,0.681132401430843,0.0381793828496495
4.00006666666667,1.64534977602279,0.91369080003164
14.80005,18.3441650620282,18.5421470030378
7.00005,3.60361234962721,3.47265223601629
3.70005,1.38111351502076,1.88956980655043
8.10006666666666,6.61663284303063,6.29720177719766
32.4000666666667,29.3444506191052,27.1654638221874
14.7000666666667,11.5688551336806,12.629057545357
4.30005,1.71544751624014,0.3905293006475
15.0000666666667,16.3296168271602,16.5746358128145
17.20005,17.9963237162182,18.8296265331996
5e-05,4.57286299473625,5.56244969507932
12.40005,6.76942920661119,8.21222417857736
6.40006666666667,4.20259186294741,4.48709836536599
5.20006666666667,3.90944489414338,6.45613988451346
7.90006666666667,5.54458718424898,6.47006895681328
4.40006666666667,5.5658320341966,7.15873247510304
9.80005,7.46361925176127,8.088814357203
9.20006666666667,4.71816371388733,5.74756034417803
5.30005,3.27456631916762,3.82144694347244
9.50006666666667,2.61397836708842,2.80628228912788
7.20006666666667,4.64176123879511,6.34422505863159
9.80005,7.85174905116064,8.33771343178143
4.40006666666667,1.17693686988633,0.244489821169405
11.0000666666667,9.11142801679121,8.98524783458184
21.50005,16.914714839508,19.2709232820434
12.60005,16.96661801526,16.0567010534447
13.9000666666667,18.2142643025745,17.9655690234451
7.90006666666667,8.54341074046881,8.15195462577093
3.50006666666667,0.993906205623497,1.88611178040571
2.00006666666667,1.61142095012279,0.719136319883465
22.3000666666667,14.1572857396312,13.5545325278533
16.90005,21.2077202721147,16.1800491164723
14.7000666666667,14.1757789289575,13.5147982756709
27.80005,18.9484914628138,19.3153184597759
19.0000666666667,21.699601054871,19.8155733993023
12.60005,11.2694434597252,10.9091780868249
6.20006666666667,4.47468894283493,4.85293407145808
2.80005,1.38945738021333,2.29716905906746
14.5000666666667,11.3129141912455,12.0728766911845
3.00006666666667,4.07045792175625,5.52417137869757
3.40005,2.26833642309884,5.26930580142951
14.30005,16.8857664181799,14.2432920609359
12.6000666666667,11.4465791036784,11.759292937977
15.0000666666667,13.356263285134,13.4240372753162
15.5000666666667,17.7303489557788,16.5959508729478
8.20006666666667,4.33736695083725,5.21297247915112
33.2000666666667,27.7701113106165,26.115615160316
9.10005,14.7803010946062,11.7983078935535
5.60006666666667,3.90988462032471,5.35611230103767
6.80006666666667,2.26536725825013,3.94805733824124
34.20005,12.0332088758072,12.7924328177248
2.20006666666667,2.23316668282924,3.4068390580762
7.00005,8.28084586987816,9.35096739623582
8.30006666666667,8.2450880138064,9.1697999833309
5.80006666666667,4.43460537780355,6.04130269664534
7.50006666666667,6.488354516263,7.97478477300929
9.30006666666667,3.93394705477098,6.55889515131679
6.40006666666667,4.30383776893587,3.63762402721734
13.2000666666667,15.6559771901723,15.2871869940264
16.3000666666667,13.0427520051804,14.8733379045293
5.70006666666667,3.975877195943,5.49333037936856
46.2000666666667,26.8733414394598,22.8468774793655
20.2000666666667,32.8667508586179,29.1802761628203
8.60006666666666,5.412964541899,5.20705604885744
29.9000666666667,11.9672586576341,11.5512087449783
11.9000666666667,7.26025037737079,8.62832170528403
3.90006666666667,1.09530374656329,0.570091818411077
3.70006666666667,2.59186738610393,2.41001291322098
4.90005,2.1206023662224,1.39058746844992
5e-05,0.895375680627071,0.535701119440235
12.00005,7.64390058056102,8.26117297224282
25.90005,12.2085904166074,15.216449773683
20.60005,3.70508162911516,5.28710318661584
8.40006666666667,4.58578394443265,3.80557093528754
10.5000666666667,3.26929763732044,3.71968723210142
6.66666666666667e-05,1.172217165965,0.422389666795621
6.70006666666667,3.47031864373413,5.63338798138161
7.40005,4.97193946935258,6.70603944242024
27.00005,18.287610166147,24.0635405284611
29.00005,19.8278088377525,19.2351984595425
34.00005,17.2948411943952,27.0454691388982
44.1000666666667,24.3078485304332,26.4577434740405
26.6000666666667,20.814637298094,19.766130644762
32.8000666666667,26.5928179421036,22.2029614925974
10.80005,6.19198222373863,6.32944131678348
10.00005,10.43237954345,10.3222034066953
29.9000666666667,13.4533469598265,13.7766366270233
37.70005,23.1014838783236,24.3106535491822
27.5000666666667,19.256923810446,18.3927863954515
28.6000666666667,19.5250000113123,19.5424751685025
43.80005,30.8275304043911,27.4888528831625
27.4000666666667,13.7574310505323,13.4499120146722
39.5000666666667,30.6035512012665,34.5480620791357
20.50005,17.7625730272402,18.0084557101068
28.0000666666667,23.5138042928366,22.6261571108515
20.1000666666667,16.6750829141606,17.5839388867018
31.1000666666667,29.940514054011,32.5270757245709
23.80005,14.1494129047065,13.6398197454067
50.2000666666667,18.9340306713345,17.5082277715441
44.5000666666667,19.6039062471326,25.6071379428111
15.5000666666667,15.6151278165139,15.5649670817169
14.60005,16.1368223539978,14.7818032958139
13.50005,13.5593681367752,12.6572627114602
24.0000666666667,18.3307396648731,18.3164860762657
37.8000666666667,27.4965768990281,24.6811763225953
12.1000666666667,10.1276118007611,10.0391662948698
10.2000666666667,6.47157727109934,3.69465338069258
36.1000666666667,24.0102891963644,23.5115877083249
